Date,Meal,Calories,Fat (g),Saturated Fat,Polyunsaturated Fat,Monounsaturated Fat,Trans Fat,Cholesterol,Sodium (mg),Potassium,Carbohydrates (g),Fiber,Sugar,Protein (g),Vitamin A,Vitamin C,Calcium,Iron
2024-01-01,Breakfast,111,0,0,0,0,0,0,353,347,2,0,2,23,0,0,2,1
2024-01-08,Breakfast,1758,54,7,5,10,0,32,888,863,90,15,26,217,0,18,13,31
2024-01-09,Breakfast,2328,125,47,1,7,0,320,1028,710,72,16,16,215,0,18,9,21
2024-01-10,Breakfast,1673,45,3,5,10,0,32,958,773,91,17,18,212,0,18,13,23
2024-01-11,Breakfast,1336,36,2,1,7,0,32,554,710,39,7,16,198,0,13,2,7
2024-01-12,Breakfast,1426,33,2,0,0,0,45,914,497,56,5,24,211,0,0,16,7
2024-01-13,Breakfast,1612,64,19,0,0,1,426,3257,1197,66,7,31,195,0,0,106,13
2024-01-14,Breakfast,241,8,1,0,0,0,3,673,347,16,3,4,26,0,0,6,3
2024-01-16,Breakfast,1696,45,7,0,0,0,93,1813,1126,88,7,28,224,0,0,14,36
2024-01-17,Breakfast,1726,49,6,0,0,0,3,1057,449,72,6,16,232,0,0,6,13
2024-01-18,Breakfast,1801,53,8,0,0,0,105,1743,1076,87,5,15,232,6,3,16,32
2024-01-23,Breakfast,1291,27,2,0,0,0,90,1113,987,31,2,14,214,0,0,10,5
2024-01-24,Breakfast,1421,41,4,0,0,0,30,753,347,42,4,17,205,0,0,10,7
2024-01-25,Breakfast,1498,50,9,5,10,0,1012,665,364,34,2,14,208,0,0,23,32
2024-01-26,Breakfast,1390,31,1,0,0,0,30,290,0,32,2,13,224,0,0,8,6
2024-01-27,Breakfast,1120,25,1,0,0,0,30,290,0,32,2,13,175,0,0,8,6
2024-01-29,Breakfast,1743,33,1,0,0,0,30,290,0,110,4,13,231,0,0,8,6
2024-01-30,Breakfast,1385,26,1,0,0,0,30,290,0,90,3,13,180,0,0,8,6
2024-01-31,Breakfast,1241,32,3,1,0,0,110,384,33,21,2,4,202,0,0,14,7
2024-02-01,Breakfast,1707,42,4,0,0,0,36,794,173,79,13,11,242,0,5,37,25
2024-02-02,Breakfast,1216,38,7,4,7,0,774,414,276,4,0,2,196,0,0,19,21
2024-02-04,Breakfast,2288,76,19,5,9,0,789,1179,368,168,20,65,214,0,0,29,61
2024-02-05,Breakfast,2026,62,16,4,7,0,789,984,276,136,18,56,211,0,0,25,45
2024-02-06,Breakfast,1318,42,8,5,9,0,774,499,328,20,1,11,197,0,0,20,36
2024-02-07,Breakfast,1537,45,8,6,9,0,784,1457,302,43,0,6,218,16,0,77,35
2024-02-08,Breakfast,1306,38,7,4,7,0,784,974,276,8,0,2,214,16,0,69,21
2024-02-09,Breakfast,1456,54,11,5,9,0,791,1038,478,38,3,18,195,11,0,63,36
2024-02-11,Breakfast,3480,129,47,3,6,0,788,4878,207,264,17,27,305,64,48,176,97
2024-02-12,Breakfast,1996,80,13,4,7,0,781,1007,276,85,4,6,226,11,0,53,21
2024-02-13,Breakfast,1805,61,12,4,7,0,787,744,276,37,3,3,251,0,0,11,19
2024-02-14,Breakfast,1276,41,6,4,7,0,744,284,276,1,0,1,205,0,0,11,19
2024-02-15,Breakfast,1801,74,16,5,9,0,947,999,356,72,4,44,202,11,0,47,33
2024-02-17,Breakfast,23,1,0,0,0,0,0,3,0,5,0,3,0,0,0,0,0
2024-02-18,Breakfast,1456,49,9,5,15,0,786,1875,640,20,5,7,221,11,13,55,32
2024-02-19,Breakfast,1816,70,15,4,7,0,816,1397,276,53,2,32,227,13,0,49,27
2024-02-20,Breakfast,1434,48,9,4,8,0,751,937,276,20,1,7,213,11,0,55,23
2024-02-21,Breakfast,1828,90,32,4,9,0,1067,1529,446,30,2,17,219,8,2,38,32
2024-02-22,Breakfast,1126,34,3,0,0,0,0,513,396,10,2,4,181,0,0,2,1
2024-02-23,Breakfast,320,9,2,0,0,0,0,538,297,9,1,3,48,0,0,11,1
2024-02-24,Breakfast,2273,85,23,2,8,1,195,2179,1093,93,9,44,271,0,15,27,14
2024-02-25,Breakfast,1413,45,11,7,16,1,1040,900,2445,62,12,39,224,0,74,43,47
2024-02-26,Breakfast,1436,54,15,3,9,2,540,2263,1876,39,6,24,225,0,21,10,24
2024-02-27,Breakfast,973,26,8,3,9,0,224,926,1603,51,9,12,154,0,71,17,23
2024-02-28,Breakfast,1478,21,4,3,10,1,296,1119,2889,129,23,60,230,4,90,46,46
2024-02-29,Breakfast,1464,47,13,3,10,1,569,1428,2066,77,11,28,220,31,130,12,31
2024-03-01,Breakfast,1130,8,2,2,2,1,296,1066,1840,69,12,26,225,0,67,35,39
2024-03-02,Breakfast,95,0,0,0,0,0,0,303,297,1,0,1,20,0,0,1,1
2024-03-03,Breakfast,1457,34,5,2,2,1,296,665,1966,117,8,40,205,4,72,32,24
2024-03-04,Breakfast,1434,20,3,2,4,1,481,1075,1859,110,12,26,231,0,67,37,42
2024-03-05,Breakfast,1327,33,8,2,2,1,493,1636,1563,55,6,33,235,0,10,20,22
2024-03-06,Breakfast,1710,53,19,2,2,1,576,2906,2630,85,16,34,269,53,67,51,39
2024-03-07,Breakfast,1536,41,8,0,0,0,638,3722,2156,68,3,31,220,0,0,14,1
2024-03-08,Breakfast,1594,45,13,8,14,1,395,1977,2255,90,9,13,238,5,11,46,40
2024-03-09,Breakfast,1774,46,13,4,8,0,1253,2780,3572,97,8,31,245,0,141,40,53
2024-03-10,Breakfast,1377,6,2,0,0,0,120,2125,726,268,0,30,69,0,0,26,402
2024-03-11,Breakfast,1199,16,4,2,1,0,332,995,1654,90,20,17,219,0,9,41,42
2024-03-12,Breakfast,1346,39,43,2,2,1,481,2290,2009,59,10,33,227,4,21,16,22
2024-03-13,Breakfast,2338,97,35,7,14,0,1253,1003,2527,115,17,17,235,7,199,33,51
2024-03-14,Breakfast,1736,69,21,3,8,0,441,860,1131,97,15,43,198,4,62,48,102
2024-03-15,Breakfast,2333,70,19,13,24,0,1040,2744,2432,198,25,59,249,13,77,108,72
2024-03-16,Breakfast,1371,27,4,2,3,1,296,963,2184,84,6,27,212,4,82,24,29
2024-03-17,Breakfast,1682,42,12,6,9,0,858,1369,3164,214,54,15,153,1,210,65,62
2024-03-18,Breakfast,2284,55,17,7,10,1,1080,1221,4680,221,27,33,261,5,248,77,80
2024-03-19,Breakfast,2114,46,13,5,9,1,1227,1685,1915,212,8,30,240,16,79,20,70
2024-03-20,Breakfast,2157,45,15,5,9,1,1080,1128,4879,218,25,32,255,17,284,74,79
2024-03-21,Breakfast,2290,70,17,9,11,1,1252,1584,2090,204,11,48,244,16,75,21,61
2024-03-22,Breakfast,1046,36,6,0,0,0,0,647,1389,149,16,71,43,7,152,26,4
2024-03-23,Breakfast,1102,15,3,2,2,1,306,639,1656,65,3,13,207,0,78,35,25
2024-03-24,Breakfast,2435,90,24,7,8,0,1132,1029,2964,196,13,27,238,13,187,14,133
2024-03-25,Breakfast,2070,45,15,5,9,1,1080,1133,4218,196,21,33,252,17,175,73,69
2024-03-26,Breakfast,2051,56,15,5,9,1,1253,1353,1977,175,9,45,245,16,64,20,60
2024-03-27,Breakfast,2070,45,15,5,9,1,1080,1134,4223,196,22,25,252,17,237,72,72
2024-03-28,Breakfast,1636,65,16,4,8,1,1200,1330,1537,63,4,14,231,16,18,13,36
2024-03-29,Breakfast,1462,65,22,9,13,1,1209,2840,1423,89,10,61,128,47,288,43,38
2024-03-30,Breakfast,2042,109,41,4,8,0,3356,1269,908,61,7,14,208,16,73,40,71
2024-03-31,Breakfast,1901,67,21,12,12,1,1118,2028,2054,96,9,22,256,22,79,82,65
2024-04-01,Breakfast,1964,45,16,5,9,1,1085,1136,3711,180,22,27,241,17,244,118,80
2024-04-02,Breakfast,2466,88,29,4,23,1,1405,2738,2629,165,16,27,287,31,129,60,79
2024-04-03,Breakfast,622,35,12,3,8,0,764,507,521,39,8,4,38,16,43,29,37
2024-04-03,Dinner,1020,48,18,0,0,0,390,420,0,0,0,0,138,0,0,0,90
2024-04-03,Lunch,404,2,1,0,0,0,15,232,133,63,3,19,35,0,62,74,4
2024-04-04,Breakfast,725,35,12,2,5,0,578,623,317,75,6,31,31,12,41,25,24
2024-04-04,Dinner,733,27,8,0,0,0,427,1253,0,37,0,24,88,0,0,0,0
2024-04-04,Lunch,957,12,4,2,2,1,306,408,3001,75,12,5,169,1,142,14,38
2024-04-05,Breakfast,430,23,9,2,5,0,593,628,317,11,3,4,44,12,41,25,27
2024-04-05,Dinner,1120,50,18,0,0,0,405,660,0,0,0,0,158,0,0,0,93
2024-04-05,Lunch,505,9,2,0,0,0,15,294,115,69,4,18,38,0,54,74,5
2024-04-06,Breakfast,431,22,6,0,0,0,645,661,396,5,1,3,48,18,0,8,15
2024-04-06,Snacks,130,7,3,0,0,0,5,100,0,19,0,11,1,0,0,0,4
2024-04-07,Dinner,1507,56,19,1,1,0,632,837,884,23,6,9,257,0,94,73,122
2024-04-08,Breakfast,300,3,1,1,1,0,0,3,181,61,5,25,7,0,0,8,12
2024-04-08,Dinner,1122,18,9,2,2,1,346,637,3538,86,10,28,182,21,129,73,36
2024-04-08,Lunch,527,25,5,0,0,0,15,419,133,35,6,22,44,0,62,74,10
2024-04-08,Snacks,45,1,0,0,0,0,0,12,140,9,2,3,1,0,35,4,12
2024-04-09,Breakfast,343,21,6,3,5,0,491,263,381,17,4,7,21,0,63,12,29
2024-04-09,Dinner,703,33,14,0,0,0,182,1209,720,52,2,21,47,10,4,370,2
2024-04-09,Lunch,793,17,8,2,5,1,334,551,1369,26,2,6,163,0,10,7,27
2024-04-10,Breakfast,618,28,10,3,21,0,517,893,322,58,8,7,34,15,37,36,45
2024-04-10,Dinner,1020,48,18,0,0,0,390,420,0,0,0,0,138,0,0,0,90
2024-04-10,Lunch,337,9,2,0,0,0,15,294,133,28,4,19,37,0,62,74,6
2024-04-11,Breakfast,429,18,6,4,6,0,492,205,467,42,6,8,24,0,35,14,34
2024-04-11,Dinner,706,20,7,0,1,0,275,965,73,69,1,15,62,2,0,10,11
2024-04-11,Lunch,957,16,5,2,2,1,306,440,2738,66,11,5,170,1,121,13,38
2024-04-11,Snacks,35,0,0,0,0,0,0,1,131,9,1,7,1,0,0,2,1
2024-04-12,Breakfast,575,32,8,3,6,0,491,327,467,44,8,7,30,0,35,14,38
2024-04-12,Dinner,275,10,3,0,0,0,160,470,0,14,0,9,33,0,0,0,0
2024-04-12,Lunch,841,8,3,2,2,1,306,375,2623,57,10,4,166,0,112,13,34
2024-04-12,Snacks,90,4,2,0,0,0,2,40,0,10,0,10,2,0,0,1,0
2024-04-13,Lunch,116,6,3,0,0,0,10,368,10,21,17,2,8,0,0,9,3
2024-04-13,Snacks,42,3,1,0,0,0,1,7,0,5,0,4,1,0,0,1,2
2024-04-14,Breakfast,1671,76,25,4,8,0,1322,1042,562,37,6,22,222,0,90,91,137
2024-04-14,Dinner,35,3,0,1,2,0,0,0,44,1,1,0,1,0,0,2,1
2024-04-14,Lunch,204,8,3,0,0,0,5,84,149,32,3,19,3,0,93,3,5
2024-04-15,Breakfast,551,34,9,7,14,0,982,480,470,22,2,10,37,4,0,19,31
2024-04-15,Dinner,1140,55,22,0,0,0,405,738,10,19,19,2,147,0,0,11,93
2024-04-15,Lunch,377,9,2,0,0,0,15,298,267,37,6,25,38,0,148,77,6
2024-04-15,Snacks,45,1,0,0,0,0,0,12,140,9,2,3,1,0,35,4,12
2024-04-16,Breakfast,1649,56,16,4,6,1,1054,2077,1792,94,34,37,252,4,139,29,57
2024-04-16,Lunch,504,41,6,4,11,0,0,189,360,25,9,10,18,0,55,10,16
2024-04-17,Breakfast,578,28,9,5,10,0,982,498,727,44,5,22,36,4,175,23,41
2024-04-17,Dinner,1140,55,21,0,0,0,390,980,20,28,28,1,152,0,0,10,96
2024-04-17,Lunch,399,12,2,1,1,0,15,257,280,42,8,7,33,0,63,69,15
2024-04-18,Breakfast,421,22,7,4,7,0,744,401,416,27,2,12,27,4,35,15,33
2024-04-18,Dinner,939,27,8,0,0,0,427,1255,55,82,1,24,92,0,0,2,11
2024-04-18,Lunch,1077,44,5,5,10,0,75,1290,476,51,13,9,124,0,52,76,34
2024-04-18,Snacks,44,0,0,0,0,0,0,4,149,11,2,7,1,0,93,3,1
2024-04-19,Breakfast,427,26,8,5,10,0,982,379,520,13,2,8,34,0,93,18,27
2024-04-19,Dinner,681,12,5,2,2,1,296,892,1321,28,28,1,172,0,10,15,26
2024-04-19,Lunch,760,33,7,0,0,0,115,940,0,92,1,46,27,0,0,0,0
2024-04-19,Snacks,135,3,1,0,0,0,0,117,140,26,2,11,2,4,35,4,14
2024-04-20,Breakfast,831,44,18,7,11,0,1121,637,553,63,5,15,44,20,2,23,38
2024-04-20,Dinner,399,4,1,1,1,0,211,236,925,0,0,0,113,0,7,4,15
2024-04-20,Lunch,370,6,1,0,0,0,59,250,500,38,11,15,47,1,67,23,12
2024-04-20,Snacks,45,1,0,0,0,0,0,12,140,9,2,3,1,0,35,4,12
2024-04-21,Breakfast,2017,61,18,3,6,0,877,1103,1141,148,27,19,232,6,188,114,95
2024-04-22,Breakfast,45,1,0,0,0,0,0,12,140,9,2,3,1,0,35,4,12
2024-04-22,Dinner,1432,80,26,6,17,0,1343,768,704,8,5,2,162,0,12,16,111
2024-04-22,Lunch,508,12,3,1,1,0,17,290,218,66,7,7,37,0,51,78,12
2024-04-22,Snacks,44,0,0,0,0,0,0,4,149,11,2,7,1,0,93,3,1
2024-04-23,Breakfast,535,40,10,7,20,0,923,360,890,11,8,2,33,0,19,15,28
2024-04-23,Dinner,666,21,6,1,0,0,320,950,396,56,6,36,68,0,249,7,3
2024-04-23,Lunch,846,31,7,4,9,0,188,834,1030,69,32,4,124,0,7,20,26
2024-04-23,Snacks,135,3,1,0,0,0,0,117,140,26,2,11,2,4,35,4,14
2024-04-24,Breakfast,110,3,1,0,0,0,0,105,0,21,0,10,1,4,0,0,2
2024-04-24,Lunch,1398,93,33,5,44,0,388,375,2255,9,7,1,146,0,24,8,49
2024-04-24,Snacks,657,11,6,1,1,0,20,330,358,99,9,4,45,0,0,106,20
2024-04-25,Breakfast,865,46,13,6,10,0,678,587,461,74,8,15,40,4,0,15,34
2024-04-25,Dinner,605,21,6,0,0,0,320,1004,457,39,5,20,70,48,169,6,6
2024-04-25,Lunch,788,28,7,3,13,0,255,854,1700,38,36,2,153,0,28,16,27
2024-04-26,Breakfast,466,15,5,0,0,0,12,63,417,72,9,21,13,0,44,3,11
2024-04-26,Dinner,602,9,4,1,1,0,22,326,427,85,8,7,49,0,0,108,13
2024-04-26,Lunch,1507,84,31,3,33,0,291,1562,1831,14,3,8,168,0,37,8,50
2024-04-27,Breakfast,205,7,3,0,0,0,8,173,0,35,0,14,2,4,0,1,3
2024-04-27,Lunch,2126,103,40,8,43,0,1094,916,2723,87,7,23,225,0,78,114,81
2024-04-28,Breakfast,2234,113,43,3,9,0,246,420,1669,76,9,23,250,0,58,23,23
2024-04-29,Breakfast,714,38,14,6,11,0,1004,557,509,50,4,11,40,4,0,17,37
2024-04-29,Dinner,1352,83,33,0,0,0,0,0,0,0,0,0,141,0,0,0,0
2024-04-29,Lunch,261,1,1,0,0,0,23,282,310,16,3,10,45,0,44,101,3
2024-04-30,Breakfast,526,29,8,4,7,0,655,320,388,36,5,5,31,0,0,12,29
2024-04-30,Dinner,532,17,5,0,0,0,267,786,276,42,1,30,57,0,33,2,3
2024-04-30,Lunch,992,27,10,1,1,0,191,1034,1013,102,37,5,138,2,7,91,30
2024-05-01,Breakfast,1920,86,36,4,7,0,722,920,722,85,7,13,196,0,40,214,26
2024-05-01,Lunch,141,0,0,0,0,0,3,32,447,25,1,21,12,0,34,15,4
2024-05-01,Snacks,110,3,1,0,0,0,0,105,0,21,0,10,1,4,0,0,2
2024-05-02,Breakfast,908,46,16,1,1,0,57,718,357,66,12,10,65,3,1,143,20
2024-05-02,Dinner,550,20,6,0,0,0,320,940,0,28,0,18,66,0,0,0,0
2024-05-02,Lunch,524,19,7,3,4,0,510,856,762,29,28,1,100,0,5,18,25
2024-05-02,Snacks,139,5,1,1,2,0,0,105,37,22,1,10,2,4,0,1,3
2024-05-03,Breakfast,1704,60,25,1,46,0,285,2999,1024,159,20,3,150,45,12,418,73
2024-05-03,Dinner,250,12,6,0,0,0,0,210,220,32,1,18,3,0,0,30,6
2024-05-03,Lunch,504,18,6,0,0,0,293,862,0,26,0,17,61,0,0,0,0
2024-05-05,Breakfast,1746,100,42,5,8,0,1194,1030,1127,7,1,4,211,0,6,111,75
2024-05-06,Breakfast,1033,41,16,7,13,1,1419,811,1658,2,0,1,189,0,10,22,49
2024-05-06,Dinner,616,24,8,1,1,0,20,413,306,62,10,4,45,0,0,103,18
2024-05-06,Lunch,308,18,4,2,5,0,0,665,145,49,30,10,19,4,0,15,11
2024-05-07,Breakfast,1462,78,31,4,8,0,885,1152,873,50,28,12,173,4,7,24,36
2024-05-07,Dinner,70,0,0,0,0,0,0,2,262,18,3,14,1,0,0,4,1
2024-05-07,Lunch,550,20,6,0,0,0,320,940,0,28,0,18,66,0,0,0,0
2024-05-08,Breakfast,1529,93,35,5,9,0,1301,1287,365,37,28,5,162,0,0,24,106
2024-05-08,Lunch,757,31,11,0,0,0,268,1147,0,63,4,15,55,0,0,0,0
2024-05-08,Snacks,90,2,1,0,0,0,0,105,0,17,0,8,1,4,0,0,2
2024-05-09,Breakfast,1533,67,27,6,21,0,1390,998,2947,9,1,7,210,0,0,79,87
2024-05-09,Snacks,90,2,1,0,0,0,0,105,0,17,0,8,1,4,0,0,2
2024-05-12,Breakfast,980,48,18,7,17,1,936,674,876,37,6,18,103,5,67,23,30
2024-05-12,Lunch,702,33,11,3,14,0,294,829,930,0,0,0,99,0,0,3,35
2024-05-13,Breakfast,2101,94,39,11,16,0,1559,2042,1717,108,35,26,227,8,2,143,74
2024-05-13,Snacks,90,2,1,0,0,0,0,105,0,17,0,8,1,4,0,0,2
2024-05-14,Breakfast,996,56,25,7,12,0,1277,915,708,34,0,22,84,8,2,47,38
2024-05-14,Dinner,442,16,5,1,1,0,23,258,225,46,7,3,33,0,0,12,13
2024-05-14,Lunch,760,34,16,6,11,0,313,285,1322,0,0,0,105,0,0,1,44
2024-05-15,Breakfast,492,34,12,6,11,0,1133,523,425,3,0,1,42,0,0,28,30
2024-05-15,Dinner,392,5,1,0,0,0,121,145,136,27,2,9,61,0,0,29,3
2024-05-15,Lunch,866,38,18,6,12,0,335,361,1876,10,4,3,115,0,223,8,53
2024-05-15,Snacks,280,13,5,0,0,0,5,200,0,40,2,18,3,0,0,0,2
2024-05-16,Breakfast,787,50,21,8,15,0,1250,662,860,3,0,1,76,0,0,28,44
2024-05-16,Dinner,292,12,2,1,1,0,0,71,181,38,6,2,10,0,0,3,14
2024-05-16,Lunch,978,27,10,5,5,0,343,1009,1645,54,33,12,153,0,223,23,47
2024-05-16,Snacks,10,0,0,0,0,0,0,5,0,0,0,0,0,0,70,4,0
2024-05-17,Breakfast,492,34,12,6,11,0,1133,523,425,3,0,1,42,0,0,28,30
2024-05-17,Dinner,538,12,5,1,1,0,97,172,261,58,6,1,55,0,0,38,13
2024-05-17,Lunch,942,49,18,4,20,2,339,355,1608,10,4,3,111,0,223,9,20
2024-05-17,Snacks,206,12,1,3,6,0,0,105,147,21,3,9,5,4,0,5,6
2024-05-18,Breakfast,1417,67,25,7,21,1,1427,962,1722,47,3,23,155,7,0,47,88
2024-05-19,Breakfast,1684,98,40,6,37,4,909,1111,2319,16,15,1,186,3,0,32,71
2024-05-19,Lunch,402,17,3,2,10,0,63,126,596,29,6,10,36,0,223,25,9
2024-05-20,Breakfast,1492,85,34,8,30,3,1430,886,2194,44,5,24,148,6,20,39,39
2024-05-20,Lunch,632,10,3,1,1,0,70,771,1010,69,13,7,68,0,0,50,25
2024-05-20,Snacks,100,2,1,0,0,0,0,210,0,19,0,8,1,4,0,30,2
2024-05-21,Breakfast,2076,88,33,8,30,3,1474,1710,3107,116,18,11,216,0,227,79,71
2024-05-22,Breakfast,618,40,16,6,11,0,1149,871,739,16,3,1,46,0,0,31,35
2024-05-22,Dinner,536,9,3,1,1,0,68,306,437,60,7,5,56,0,0,41,14
2024-05-22,Lunch,875,44,16,2,19,3,309,370,1746,10,4,3,128,0,229,10,18
2024-05-22,Snacks,203,1,0,0,0,0,0,239,425,49,2,31,3,0,33,2,7
2024-05-23,Breakfast,1585,84,35,8,28,2,1536,1407,2911,21,5,2,175,6,0,38,116
2024-05-23,Lunch,319,11,2,0,0,0,60,140,122,22,3,9,34,0,0,17,5
2024-05-23,Snacks,100,1,0,0,0,0,0,190,40,23,1,8,1,0,0,0,2
2024-05-24,Breakfast,636,42,17,6,11,0,1149,682,425,20,0,9,43,4,0,28,32
2024-05-24,Dinner,473,9,3,1,1,0,60,266,286,57,7,2,43,0,0,28,14
2024-05-24,Lunch,917,43,16,2,19,3,306,716,1686,18,4,0,128,0,6,6,19
2024-05-25,Breakfast,576,34,13,6,11,0,1130,663,454,25,1,9,39,0,0,17,31
2024-05-25,Dinner,492,14,3,0,0,0,0,109,122,89,7,37,8,25,91,3,7
2024-05-25,Lunch,1110,38,15,1,12,0,464,839,2702,10,5,1,175,0,0,29,69
2024-05-26,Breakfast,1793,115,44,10,48,0,1547,833,2332,2,0,1,197,0,6,24,80
2024-05-26,Dinner,25,0,0,0,0,0,0,0,0,6,0,3,0,0,15,0,0
2024-05-26,Lunch,180,5,3,0,0,0,15,75,115,17,2,2,20,25,25,25,10
2024-05-27,Breakfast,906,47,14,11,15,0,1184,1208,915,39,16,7,86,0,17,35,52
2024-05-27,Lunch,1169,72,30,0,0,0,347,286,1027,7,0,0,122,0,0,19,48
2024-05-28,Breakfast,773,47,15,10,13,0,1144,984,649,27,15,6,62,0,15,43,47
2024-05-28,Dinner,672,6,2,2,2,0,166,188,838,50,4,0,121,0,6,5,19
2024-05-28,Lunch,593,40,15,1,18,2,142,480,909,15,4,0,40,0,0,3,7
2024-05-28,Snacks,80,3,0,1,2,0,0,240,50,13,1,1,1,0,0,2,2
2024-05-29,Breakfast,234,9,0,4,2,0,0,357,261,27,14,5,19,0,15,13,13
2024-05-29,Dinner,671,6,2,2,2,0,165,187,835,50,4,0,121,0,6,5,19
2024-05-29,Lunch,1057,72,27,7,29,2,1269,937,1323,18,4,2,78,0,0,20,36
2024-05-29,Snacks,80,3,0,1,2,0,0,240,50,13,1,1,1,0,0,2,2
2024-05-30,Breakfast,198,8,0,4,2,0,0,339,224,20,13,2,17,0,0,12,12
2024-05-30,Dinner,559,5,1,1,1,0,165,186,797,40,3,0,105,0,6,4,16
2024-05-30,Lunch,1128,80,32,7,29,2,1285,1111,1286,16,3,1,82,0,0,33,36
2024-05-30,Snacks,150,1,0,0,0,0,0,190,40,35,1,14,1,0,30,0,2
2024-05-31,Breakfast,1031,78,30,7,29,2,1282,702,954,2,0,1,75,0,0,24,30
2024-05-31,Dinner,250,12,6,0,0,0,0,275,119,37,8,10,7,4,0,3,8
2024-05-31,Lunch,511,11,1,5,3,0,165,525,951,20,13,2,105,0,6,15,24
2024-05-31,Snacks,237,1,0,0,0,0,6,32,176,32,1,6,25,0,0,11,1
2024-06-01,Breakfast,523,38,15,6,11,0,1140,568,414,2,0,1,40,0,0,24,30
2024-06-01,Dinner,621,17,5,1,1,0,66,207,278,74,6,4,48,0,0,32,13
2024-06-01,Lunch,672,27,11,1,10,1,287,393,1464,0,0,0,109,3,2,10,50
2024-06-01,Snacks,602,22,10,0,0,0,111,1242,750,89,16,13,24,0,0,20,20
2024-06-02,Breakfast,695,25,9,2,10,1,271,236,1434,15,2,13,107,3,12,7,56
2024-06-02,Lunch,342,5,1,0,0,0,121,145,0,14,0,0,60,0,0,31,0
2024-06-03,Dinner,753,23,8,0,0,0,397,1824,1805,26,15,1,128,0,0,9,42
2024-06-03,Lunch,1278,80,32,7,29,2,1293,744,2158,54,7,6,83,0,129,34,44
2024-06-03,Snacks,160,10,5,0,0,0,0,170,119,20,8,2,6,0,0,3,6
2024-06-04,Breakfast,69,0,0,0,0,0,0,20,183,15,2,13,1,0,10,1,3
2024-06-04,Dinner,778,24,8,0,0,0,431,1840,1856,33,15,4,127,0,45,22,44
2024-06-04,Lunch,1224,80,31,7,29,2,1291,733,1897,42,5,7,82,0,72,34,39
2024-06-04,Snacks,160,10,5,0,0,0,0,170,119,20,8,2,6,0,0,3,6
2024-06-05,Breakfast,693,28,3,5,14,0,60,459,1168,74,32,24,54,2,72,46,18
2024-06-05,Dinner,498,16,5,2,5,0,165,748,941,31,31,1,103,0,12,13,18
2024-06-05,Lunch,974,66,27,4,23,2,735,524,1465,31,4,5,62,0,55,24,22
2024-06-05,Snacks,90,2,1,0,0,0,0,105,0,17,0,8,1,4,0,0,2
2024-06-06,Breakfast,410,9,0,3,3,0,0,397,748,74,26,38,23,2,20,33,15
2024-06-06,Dinner,587,24,6,3,10,0,165,752,1212,36,34,2,104,0,22,14,20
2024-06-06,Lunch,1041,68,28,4,23,2,739,539,1736,43,6,8,63,0,76,26,24
2024-06-06,Snacks,379,5,1,0,0,0,60,181,291,55,6,30,32,5,59,18,6
2024-06-07,Breakfast,953,43,11,9,14,0,1116,850,1174,93,29,50,63,3,24,51,44
2024-06-07,Dinner,948,43,19,2,10,1,280,645,2075,54,19,7,102,3,72,28,67
2024-06-07,Lunch,262,1,0,0,0,0,0,5,534,70,14,45,2,5,20,41,1
2024-06-07,Snacks,377,5,1,0,0,0,71,236,314,34,1,15,50,4,45,35,5
2024-06-08,Breakfast,486,31,10,6,12,0,804,750,604,10,1,7,41,0,2,12,24
2024-06-08,Dinner,750,27,9,2,10,1,244,187,2011,37,5,6,91,3,68,9,64
2024-06-08,Snacks,920,36,19,0,0,0,53,615,110,98,3,40,55,12,0,17,21
2024-06-09,Breakfast,2173,128,40,3,35,1,355,864,1346,47,3,11,205,4,62,49,57
2024-06-09,Lunch,113,0,0,0,0,0,0,0,400,29,4,23,2,0,21,2,4
2024-06-10,Breakfast,791,48,17,8,14,0,1156,992,864,31,17,8,66,2,0,52,41
2024-06-10,Dinner,424,3,1,1,1,0,165,185,1118,28,4,23,90,0,26,5,15
2024-06-10,Lunch,677,40,15,1,18,2,142,148,1413,38,5,5,39,0,68,4,9
2024-06-10,Snacks,344,3,1,0,0,0,0,151,163,74,2,17,9,4,38,3,3
2024-06-11,Breakfast,1068,56,21,8,14,0,1184,1089,1669,79,22,48,74,6,58,78,45
2024-06-11,Dinner,374,6,2,1,1,0,165,465,737,14,14,1,95,0,6,8,14
2024-06-11,Lunch,677,40,15,1,18,2,142,148,1413,38,5,5,39,0,68,4,9
2024-06-11,Snacks,235,5,1,1,1,0,0,151,131,40,3,9,11,4,0,2,9
2024-06-12,Breakfast,999,52,16,10,17,0,1161,1286,1192,67,18,16,72,6,0,63,51
2024-06-12,Dinner,437,10,4,1,1,0,167,747,754,28,28,1,103,0,6,13,17
2024-06-12,Snacks,90,2,1,0,0,0,0,105,0,17,0,8,1,4,0,0,2
2024-06-13,Breakfast,971,57,22,8,14,0,1188,1101,1278,51,19,25,72,6,38,75,42
2024-06-13,Dinner,372,4,2,1,1,0,125,282,766,16,3,5,87,0,73,4,13
2024-06-13,Lunch,677,40,15,1,18,2,142,148,1413,38,5,5,39,0,68,4,9
2024-06-13,Snacks,90,2,1,0,0,0,0,105,0,17,0,8,1,4,0,0,2
2024-06-14,Breakfast,851,54,22,7,12,0,1188,960,1087,31,10,16,65,6,0,67,36
2024-06-14,Dinner,672,19,8,1,1,1,253,929,785,33,1,3,112,0,6,3,12
2024-06-14,Lunch,677,40,15,1,18,2,142,148,1413,38,5,5,39,0,68,4,9
2024-06-15,Breakfast,1932,84,29,6,11,1,1219,2735,1349,120,7,13,174,4,2,147,102
2024-06-16,Breakfast,528,17,5,2,4,0,372,751,542,53,4,24,41,10,0,17,25
2024-06-16,Dinner,1077,55,18,3,13,1,455,2408,1881,9,0,3,135,3,0,192,62
2024-06-16,Lunch,447,14,6,0,0,0,95,282,866,44,7,22,46,0,148,47,11
2024-06-17,Breakfast,859,47,18,6,11,0,1171,1091,1037,48,6,20,65,6,0,70,35
2024-06-17,Dinner,337,11,3,1,1,0,164,851,656,3,0,1,67,0,3,64,8
2024-06-17,Lunch,400,15,6,1,6,0,134,137,1092,20,3,4,46,1,33,4,30
2024-06-17,Snacks,529,18,7,0,0,0,35,465,592,74,5,35,25,4,92,28,12
2024-06-18,Breakfast,859,47,18,6,11,0,1171,1091,1037,48,6,20,65,6,0,70,35
2024-06-18,Dinner,350,21,6,1,1,0,152,1727,518,7,0,2,33,0,0,145,2
2024-06-18,Lunch,400,15,6,1,6,0,134,137,1092,20,3,4,46,1,33,4,30
2024-06-18,Snacks,641,19,10,1,1,0,35,542,850,83,9,24,53,4,92,36,16
2024-06-19,Breakfast,925,52,18,6,11,0,1156,1209,1040,51,7,22,67,6,0,68,37
2024-06-19,Dinner,465,9,1,1,1,0,145,323,638,29,2,12,82,0,5,3,14
2024-06-19,Lunch,587,40,15,1,18,2,142,141,916,18,3,4,37,0,30,2,4
2024-06-19,Snacks,335,11,6,0,0,0,31,292,531,46,4,25,20,4,73,25,7
2024-06-20,Breakfast,809,42,15,6,11,0,1154,1056,1031,47,6,20,62,6,0,62,35
2024-06-20,Dinner,275,3,1,1,1,0,145,163,638,0,0,0,78,0,5,3,10
2024-06-20,Lunch,587,40,15,1,18,2,142,141,916,18,3,4,37,0,30,2,4
2024-06-20,Snacks,629,16,3,0,0,0,0,568,248,97,8,41,30,4,73,2,15
2024-06-21,Breakfast,829,44,16,6,11,0,1156,1146,1040,47,6,20,64,6,0,68,35
2024-06-21,Dinner,441,14,4,2,3,0,145,723,716,30,29,1,93,0,5,15,17
2024-06-21,Lunch,587,40,15,1,18,2,142,141,916,18,3,4,37,0,30,2,4
2024-06-21,Snacks,365,8,2,0,0,0,0,303,262,55,7,24,25,0,73,2,9
2024-06-22,Breakfast,874,46,16,7,18,0,1131,811,784,61,13,37,56,0,23,36,42
2024-06-22,Dinner,425,6,2,0,0,0,10,433,740,43,8,19,67,0,73,22,7
2024-06-22,Lunch,1156,93,38,3,40,0,287,236,1287,0,0,0,74,0,0,4,44
2024-06-23,Breakfast,597,34,13,6,11,0,1131,617,555,25,4,15,44,1,10,33,30
2024-06-23,Dinner,339,6,2,0,0,0,0,378,534,40,8,16,49,0,74,4,7
2024-06-23,Lunch,1260,65,25,1,1,0,0,181,748,54,8,1,113,0,58,2,12
2024-06-24,Breakfast,921,45,16,4,7,0,790,1147,742,75,8,30,54,5,0,62,30
2024-06-24,Dinner,630,30,8,2,2,0,217,2477,1458,40,4,5,50,0,56,209,11
2024-06-24,Lunch,319,10,5,0,0,0,160,171,0,0,0,0,55,0,0,0,0
2024-06-24,Snacks,425,5,2,1,0,0,0,332,512,74,11,37,34,4,101,4,10
2024-06-25,Breakfast,1210,65,23,9,22,0,1518,1709,676,76,14,13,86,0,0,64,56
2024-06-25,Dinner,595,28,9,1,1,0,152,2296,1227,63,31,5,50,0,53,157,15
2024-06-25,Lunch,670,21,9,0,0,0,319,345,117,7,1,3,110,0,10,2,1
2024-06-25,Snacks,386,6,1,1,1,0,0,385,187,84,10,34,6,8,13,2,10
2024-06-26,Breakfast,587,31,11,4,7,0,759,875,375,34,6,7,43,0,0,35,26
2024-06-26,Dinner,545,9,5,1,1,0,162,228,1815,48,6,2,83,0,96,6,23
2024-06-26,Lunch,439,17,8,0,0,0,160,731,20,28,28,1,69,0,0,10,6
2024-06-26,Snacks,567,15,3,1,1,0,0,454,357,108,14,47,10,8,80,4,16
2024-06-27,Breakfast,592,35,16,4,7,0,785,867,276,29,4,5,37,0,0,34,23
2024-06-27,Dinner,874,40,15,2,12,2,340,266,1332,1,0,0,127,3,0,7,73
2024-06-27,Lunch,393,13,2,1,1,0,40,162,207,38,5,3,33,0,0,17,12
2024-06-27,Snacks,290,14,4,2,8,0,0,340,0,37,9,6,13,0,0,2,12
2024-06-28,Breakfast,526,23,6,4,8,0,744,774,276,50,8,5,34,0,0,19,27
2024-06-28,Lunch,594,13,5,1,1,0,305,333,638,0,0,0,132,0,5,3,10
2024-06-28,Snacks,190,12,4,1,7,0,0,170,0,14,5,6,10,0,0,2,8
2024-06-29,Breakfast,1401,58,11,5,11,0,78,1494,467,150,7,56,79,0,0,21,10
2024-06-30,Breakfast,991,32,12,6,10,0,423,2047,1236,116,4,54,53,3,45,3,197
2024-06-30,Lunch,550,5,2,2,2,1,290,325,1275,0,0,0,155,0,10,5,20
2024-07-01,Breakfast,576,33,11,5,12,0,759,554,464,29,4,11,39,0,0,34,29
2024-07-01,Dinner,338,11,5,0,0,0,160,189,176,4,1,1,56,0,83,3,2
2024-07-01,Lunch,600,27,10,2,11,1,249,180,1164,0,0,0,89,3,0,6,57
2024-07-01,Snacks,243,1,0,0,0,0,0,9,642,62,11,45,3,0,201,5,9
2024-07-02,Breakfast,709,32,10,4,7,0,759,805,577,60,7,6,53,0,0,33,26
2024-07-02,Dinner,167,2,1,0,0,0,6,191,205,10,1,3,33,0,0,11,0
2024-07-02,Lunch,680,31,11,2,12,2,282,204,1319,0,0,0,101,3,0,7,64
2024-07-02,Snacks,267,1,0,0,0,0,0,4,867,65,7,49,3,0,194,4,5
2024-07-03,Breakfast,240,0,0,0,0,0,20,95,797,39,5,24,25,16,156,34,10
2024-07-03,Dinner,648,28,10,2,11,1,249,243,1547,11,2,9,91,228,38,10,64
2024-07-03,Lunch,1099,47,21,5,12,1,1006,918,698,80,3,38,87,12,13,16,34
2024-07-03,Snacks,303,4,0,0,0,0,0,2,457,67,4,30,4,0,20,3,4
2024-07-04,Breakfast,233,1,0,0,0,0,20,92,809,36,5,25,26,18,224,34,5
2024-07-04,Dinner,798,6,2,2,2,1,290,375,2816,56,7,3,163,251,131,13,40
2024-07-04,Lunch,622,38,18,4,7,0,782,988,276,30,1,6,35,0,0,26,19
2024-07-04,Snacks,248,4,0,0,0,0,0,0,311,52,3,18,4,0,16,2,3
2024-07-05,Breakfast,305,3,0,0,0,0,20,188,1066,45,7,30,34,18,261,36,8
2024-07-05,Dinner,125,0,0,0,0,0,0,2,397,32,3,27,2,0,17,2,4
2024-07-05,Lunch,1509,67,28,6,20,0,1262,877,3575,11,4,7,204,231,327,36,100
2024-07-05,Snacks,160,4,0,0,0,0,0,0,0,30,0,0,2,0,0,0,0
2024-07-06,Breakfast,261,1,0,1,0,0,20,97,847,42,6,30,26,17,245,36,4
2024-07-06,Dinner,299,4,1,0,0,0,9,395,512,27,6,8,49,0,0,21,4
2024-07-06,Snacks,210,11,3,0,0,0,3,279,70,25,1,9,4,0,0,3,7
2024-07-07,Breakfast,416,3,1,0,0,0,20,201,774,37,6,21,64,9,125,29,7
2024-07-07,Dinner,1365,73,30,6,19,2,1058,1399,2271,57,31,9,147,341,605,50,101
2024-07-07,Snacks,253,6,1,0,0,0,5,250,503,44,18,18,21,0,15,14,18
2024-07-08,Breakfast,332,1,0,1,0,0,20,132,863,52,8,32,33,0,316,28,13
2024-07-08,Dinner,152,3,0,0,0,0,0,288,284,24,7,5,13,0,0,7,7
2024-07-08,Lunch,1191,64,25,6,19,2,1037,1126,2073,43,31,10,139,323,549,33,97
2024-07-08,Snacks,490,21,11,1,2,0,50,290,207,81,4,49,13,0,0,32,11
2024-07-09,Breakfast,562,31,13,5,7,0,778,521,761,37,7,23,36,0,305,20,23
2024-07-09,Dinner,496,12,2,1,6,0,34,601,1118,43,12,15,60,1,0,78,15
2024-07-09,Lunch,624,27,9,2,10,1,241,216,1521,9,3,4,88,316,33,12,63
2024-07-09,Snacks,130,0,0,0,0,0,0,20,289,31,11,22,0,0,0,0,0
2024-07-10,Breakfast,798,54,24,7,15,0,1154,906,794,26,12,3,62,0,0,23,38
2024-07-10,Dinner,228,4,0,0,0,0,53,1346,533,3,1,1,44,313,56,21,12
2024-07-10,Lunch,619,9,3,0,1,0,35,505,1631,88,13,51,56,0,150,69,16
2024-07-10,Snacks,314,12,2,2,4,0,25,510,244,44,3,24,12,0,12,4,15
2024-07-11,Breakfast,915,44,15,6,11,0,1184,2507,1174,51,33,14,105,313,180,52,48
2024-07-11,Dinner,175,4,1,1,2,0,104,398,345,0,0,0,34,0,0,2,3
2024-07-11,Lunch,200,1,1,0,0,0,13,166,341,18,2,9,34,0,37,17,4
2024-07-11,Snacks,839,30,12,3,5,0,57,1136,1454,128,13,67,33,0,48,52,23
2024-07-12,Breakfast,370,22,8,0,0,0,45,820,0,31,0,0,15,6,0,25,10
2024-07-12,Dinner,511,13,3,2,5,0,305,1163,1007,0,0,0,99,0,0,5,9
2024-07-12,Lunch,378,25,8,5,10,0,982,375,364,2,0,1,33,0,0,15,26
2024-07-12,Snacks,1005,42,19,0,0,0,20,1400,55,99,5,30,23,19,0,21,34
2024-07-13,Breakfast,597,29,10,5,11,0,990,508,840,47,2,26,38,2,54,19,34
2024-07-13,Dinner,379,9,2,1,4,0,219,876,1003,2,1,0,73,313,23,8,14
2024-07-13,Lunch,312,3,0,0,0,0,10,57,314,35,2,25,40,0,120,18,2
2024-07-15,Breakfast,1130,49,15,0,0,5,70,1270,55,154,5,39,20,10,50,16,50
2024-07-15,Dinner,500,12,3,2,5,0,298,1138,986,0,0,0,97,0,0,5,9
2024-07-15,Lunch,361,4,1,0,0,0,20,384,573,28,3,13,63,0,0,22,6
2024-07-16,Breakfast,775,33,10,0,0,0,320,449,2147,21,5,4,89,341,710,17,39
2024-07-16,Lunch,406,13,5,1,5,1,108,221,767,19,4,6,59,1,89,5,30
2024-07-16,Snacks,711,26,8,0,2,0,25,505,600,116,23,54,26,0,25,24,12
2024-07-17,Breakfast,406,10,3,1,1,0,35,213,670,38,5,13,44,0,0,31,11
2024-07-17,Dinner,400,6,1,0,0,0,100,2104,748,27,4,12,65,0,100,3,7
2024-07-17,Lunch,654,28,8,4,6,0,907,538,905,21,4,11,79,407,443,23,39
2024-07-17,Snacks,416,11,3,0,1,0,0,27,767,84,15,62,7,0,171,7,14
2024-07-18,Breakfast,462,8,3,0,0,0,25,438,986,43,6,20,66,8,94,65,8
2024-07-18,Dinner,477,17,3,2,9,0,224,859,1182,9,4,3,75,0,15,6,10
2024-07-18,Lunch,514,35,14,0,0,3,170,224,532,6,2,3,44,313,54,6,39
2024-07-18,Snacks,499,30,15,0,0,0,40,63,703,56,10,51,10,1,136,6,15
2024-07-19,Breakfast,593,36,15,4,8,0,700,881,531,49,32,6,50,0,0,15,25
2024-07-19,Dinner,346,15,4,0,0,0,187,236,835,12,4,7,43,313,90,7,21
2024-07-19,Lunch,284,15,2,2,9,0,61,281,1385,18,9,8,25,263,103,9,14
2024-07-19,Snacks,452,12,5,1,3,0,15,292,398,38,12,13,55,0,69,22,17
2024-07-20,Breakfast,743,50,18,6,14,0,713,935,817,54,36,6,55,0,10,16,27
2024-07-20,Lunch,780,34,2,2,10,0,0,25,947,19,10,7,102,0,99,5,7
2024-07-20,Snacks,374,15,5,0,0,0,5,158,248,52,9,25,17,0,0,5,12
2024-07-21,Breakfast,252,17,6,3,6,0,655,250,243,1,0,1,22,0,0,10,17
2024-07-21,Snacks,698,22,9,0,0,0,38,670,838,109,20,59,41,4,37,56,12
2024-07-22,Breakfast,412,29,14,3,6,0,690,662,273,3,0,1,32,0,0,42,18
2024-07-22,Dinner,358,11,2,2,6,0,134,175,1044,8,5,2,74,0,25,6,15
2024-07-22,Lunch,495,7,3,0,0,0,35,118,1107,77,6,65,35,0,172,30,4
2024-07-22,Snacks,576,18,4,0,0,0,113,975,287,54,7,19,54,0,80,21,15
2024-07-23,Breakfast,534,41,16,5,14,0,692,674,622,9,5,1,34,0,12,43,20
2024-07-23,Dinner,540,4,1,1,1,0,145,194,1178,35,7,19,108,0,189,11,21
2024-07-23,Lunch,596,13,4,1,1,0,85,277,844,64,7,24,60,0,20,37,9
2024-07-23,Snacks,213,2,1,0,0,0,0,86,219,49,6,26,1,0,14,3,5
2024-07-24,Breakfast,737,34,14,5,9,0,970,845,981,46,8,29,62,0,12,73,27
2024-07-24,Dinner,275,3,1,1,1,0,145,163,638,0,0,0,78,0,5,3,10
2024-07-24,Lunch,526,10,4,0,0,0,68,238,1147,58,5,39,55,8,29,45,2
2024-07-24,Snacks,420,8,3,1,2,0,20,255,637,61,7,33,29,0,0,45,11
2024-07-25,Breakfast,731,41,13,7,17,0,1322,615,1097,22,6,14,65,0,6,45,35
2024-07-26,Breakfast,70,1,0,0,0,0,0,64,964,16,5,8,5,2,67,9,13
2024-07-26,Dinner,575,6,2,0,0,0,30,360,1004,47,12,25,82,0,0,53,6
2024-07-26,Lunch,1198,75,28,5,10,3,1282,695,364,2,0,1,121,0,0,15,86
2024-07-27,Breakfast,437,5,1,0,0,0,79,273,748,40,4,20,65,8,79,44,9
2024-07-27,Dinner,100,2,0,1,1,0,0,170,0,23,4,0,3,0,0,0,4
2024-07-27,Lunch,1233,76,29,5,10,3,1282,712,915,10,2,5,123,2,42,17,90
2024-07-27,Snacks,189,2,1,0,0,0,0,85,177,43,5,22,1,0,11,2,4
2024-07-28,Breakfast,342,8,3,0,0,0,50,305,480,20,2,8,51,0,0,56,2
2024-07-28,Dinner,784,35,12,2,12,2,277,521,2116,27,18,7,109,6,59,17,75
2024-07-28,Lunch,583,32,13,5,10,0,1002,747,589,29,4,20,44,1,14,48,28
2024-07-28,Snacks,282,6,2,0,0,0,0,269,552,69,20,25,6,0,23,5,8
2024-07-29,Breakfast,501,32,13,5,10,0,1002,792,724,6,1,1,45,369,28,53,36
2024-07-29,Dinner,1157,61,23,3,4,3,307,805,1242,57,9,21,94,2,104,10,75
2024-07-29,Lunch,325,8,3,0,0,0,46,294,480,19,2,7,49,0,0,55,2
2024-07-29,Snacks,221,6,3,0,0,0,5,230,20,43,7,15,6,0,0,1,5
2024-07-30,Breakfast,772,40,14,7,11,0,1137,1189,1172,41,8,10,65,594,45,60,47
2024-07-30,Dinner,563,13,4,0,0,0,261,2055,2231,12,2,6,103,2,32,6,3
2024-07-30,Lunch,235,5,1,0,0,0,16,177,328,27,2,16,23,1,1,35,3
2024-07-30,Snacks,622,27,7,0,0,0,8,552,20,78,4,38,17,0,0,3,11
2024-07-31,Breakfast,998,46,18,5,10,0,1052,1446,646,68,5,36,76,316,24,40,45
2024-07-31,Dinner,296,3,1,1,1,0,118,153,1211,17,4,8,66,2,58,6,13
2024-07-31,Lunch,358,14,4,4,2,0,74,1678,100,20,12,1,39,0,0,26,16
2024-07-31,Snacks,271,6,3,0,0,0,20,523,768,43,4,32,15,0,64,6,7
2024-08-01,Breakfast,737,35,11,6,11,0,1197,1992,805,29,2,3,74,438,33,24,45
2024-08-01,Dinner,775,11,5,2,2,0,192,341,2192,91,6,47,106,22,84,18,27
2024-08-01,Lunch,507,14,3,4,2,0,25,993,815,56,19,27,45,0,16,28,16
2024-08-01,Snacks,260,15,6,0,0,0,35,105,242,35,9,14,8,0,0,45,10
2024-08-02,Breakfast,966,46,12,10,13,0,1243,3844,896,29,14,6,110,438,33,34,61
2024-08-02,Lunch,500,16,6,0,2,0,30,390,4,46,3,18,48,0,0,10,2
2024-08-02,Snacks,240,14,6,0,0,0,25,85,172,32,8,13,7,0,0,5,10
2024-08-03,Breakfast,262,0,0,0,0,0,10,111,94,37,6,31,23,0,27,22,2
2024-08-03,Dinner,625,20,7,5,7,0,843,516,1461,4,2,1,125,438,39,20,41
2024-08-03,Lunch,373,21,9,3,6,0,670,752,407,4,0,2,39,4,0,21,18
2024-08-03,Snacks,945,38,17,0,0,0,60,1063,1085,128,12,83,27,0,223,13,29
2024-08-04,Breakfast,784,28,8,5,10,0,992,618,1197,50,7,36,80,563,109,48,44
2024-08-04,Dinner,864,35,0,0,0,0,0,0,0,0,0,0,138,0,0,0,0
2024-08-04,Lunch,280,13,5,0,0,0,3,210,100,38,2,18,2,0,0,1,13
2024-08-04,Snacks,140,8,5,0,0,0,50,130,4,20,4,4,6,0,0,4,0
2024-08-05,Breakfast,558,29,9,6,11,0,1116,679,831,16,3,10,55,0,108,21,31
2024-08-05,Dinner,1004,48,22,0,0,0,310,952,326,4,0,1,126,0,0,40,61
2024-08-05,Lunch,51,0,0,0,0,0,0,86,400,12,4,6,1,0,12,4,2
2024-08-05,Snacks,628,29,14,0,0,0,75,225,364,84,8,57,12,8,0,5,25
2024-08-06,Breakfast,656,24,7,5,7,0,744,958,998,51,9,18,62,0,125,18,24
2024-08-06,Dinner,727,14,3,0,0,0,100,3065,1675,75,35,5,101,0,93,46,28
2024-08-06,Lunch,513,4,2,0,0,0,9,237,949,68,12,39,54,0,149,27,11
2024-08-06,Snacks,315,9,5,0,0,0,40,291,296,47,5,23,16,0,0,22,10
2024-08-07,Breakfast,687,26,9,5,6,0,680,1358,753,46,7,17,66,0,116,15,20
2024-08-07,Dinner,425,11,6,1,1,0,167,374,1051,10,4,2,86,0,206,28,15
2024-08-07,Lunch,680,6,3,0,0,0,18,187,675,83,11,54,76,0,234,42,15
2024-08-07,Snacks,327,9,3,0,0,0,10,263,770,53,5,27,12,0,18,6,10
2024-08-08,Breakfast,679,25,9,5,6,0,675,1313,812,45,7,17,67,0,112,15,20
2024-08-08,Dinner,716,18,7,4,4,0,142,1090,2319,71,14,25,86,0,424,25,32
2024-08-08,Lunch,415,9,4,0,0,0,30,303,806,35,4,17,51,0,103,94,7
2024-08-08,Snacks,351,10,4,0,0,0,10,453,800,56,9,30,12,0,19,6,7
2024-08-09,Breakfast,719,25,9,5,6,0,675,1331,1256,54,11,19,69,0,334,22,26
2024-08-09,Dinner,542,26,6,8,9,0,330,308,699,0,0,0,78,2,0,4,24
2024-08-09,Lunch,391,8,4,0,0,0,30,303,782,29,3,13,51,0,101,93,6
2024-08-09,Snacks,290,12,6,0,0,0,30,255,716,37,6,13,15,0,0,25,5
2024-08-10,Breakfast,1293,48,15,7,13,0,1339,903,1471,82,6,27,133,0,79,115,42
2024-08-10,Dinner,358,9,2,4,3,0,115,339,535,16,0,0,64,0,4,4,12
2024-08-10,Lunch,190,2,1,0,0,0,10,807,544,23,5,14,21,10,17,21,3
2024-08-11,Breakfast,765,23,7,5,6,0,665,1720,597,62,8,16,77,10,0,26,20
2024-08-11,Dinner,865,32,7,7,15,0,102,869,2394,102,20,43,60,0,186,23,30
2024-08-11,Lunch,411,5,2,0,0,0,25,216,1320,50,7,28,47,0,127,72,13
2024-08-11,Snacks,158,1,0,0,0,0,0,97,448,36,6,27,3,0,14,5,2
2024-08-12,Breakfast,899,31,10,7,10,0,992,1485,364,86,8,15,66,10,0,30,27
2024-08-12,Dinner,288,3,1,1,1,0,143,184,836,4,2,2,78,0,17,6,14
2024-08-12,Lunch,518,6,3,0,0,0,25,209,818,46,7,24,72,0,134,67,9
2024-08-12,Snacks,436,17,4,0,0,0,0,445,394,80,19,19,8,0,12,4,10
2024-08-13,Breakfast,99,9,1,1,6,0,0,4,301,5,4,0,1,0,10,1,2
2024-08-13,Dinner,763,18,11,1,1,0,221,398,1634,51,5,31,123,0,234,81,22
2024-08-13,Lunch,517,5,3,0,0,0,27,221,932,43,7,20,76,0,185,71,11
2024-08-13,Snacks,236,4,1,0,0,0,0,124,0,48,0,10,3,0,0,0,4
2024-08-14,Breakfast,544,17,6,3,3,0,347,890,121,65,8,28,34,0,0,5,10
2024-08-14,Dinner,524,14,7,0,0,0,50,214,1197,60,7,34,43,0,172,67,9
2024-08-14,Lunch,858,20,4,4,11,1,331,434,2777,22,11,5,186,0,256,14,33
2024-08-14,Snacks,207,1,0,0,0,0,0,115,752,48,5,26,3,0,34,5,2
2024-08-15,Breakfast,724,47,14,6,19,0,1009,1258,828,30,19,4,59,0,13,18,32
2024-08-15,Dinner,616,24,5,5,12,0,239,215,1180,8,6,1,89,0,16,4,20
2024-08-15,Lunch,340,13,7,0,0,0,50,210,512,15,1,7,41,0,0,62,0
2024-08-15,Snacks,360,19,6,0,0,0,5,240,310,44,18,12,25,0,0,13,14
2024-08-16,Breakfast,773,52,14,7,23,0,997,1171,1280,49,35,2,58,313,38,40,45
2024-08-16,Dinner,635,21,4,4,10,0,216,256,2041,23,11,6,89,0,262,12,26
2024-08-16,Lunch,340,12,5,0,15,0,25,690,0,43,6,0,16,15,2,25,20
2024-08-16,Snacks,270,4,2,0,0,0,15,150,618,31,2,19,26,0,21,46,0
2024-08-17,Breakfast,550,35,9,6,12,0,1110,561,749,16,5,7,44,349,38,22,34
2024-08-17,Lunch,266,4,1,0,0,0,5,44,318,29,3,21,28,2,122,27,3
2024-08-18,Breakfast,1678,74,23,9,34,0,1467,849,4246,22,12,6,216,0,23,44,112
2024-08-19,Breakfast,605,35,13,4,10,0,685,1247,705,49,30,5,51,0,8,47,27
2024-08-19,Dinner,532,13,3,4,4,0,142,616,1283,43,7,14,76,0,63,11,22
2024-08-19,Lunch,637,13,5,0,0,0,24,412,652,54,18,17,90,0,124,57,11
2024-08-19,Snacks,154,0,0,0,0,0,0,0,434,36,3,23,1,0,52,1,0
2024-08-20,Breakfast,677,38,12,5,14,0,997,1225,1028,54,32,8,57,0,14,39,37
2024-08-20,Dinner,711,32,13,1,13,2,285,331,1808,5,2,2,96,4,17,9,65
2024-08-20,Lunch,137,2,1,0,0,0,0,38,241,19,3,9,13,0,112,18,7
2024-08-20,Snacks,420,11,3,1,2,0,5,390,417,68,19,22,29,0,0,32,26
2024-08-21,Breakfast,598,36,12,5,12,0,997,940,662,28,16,4,55,0,0,34,32
2024-08-21,Dinner,496,3,1,1,1,0,135,196,2047,54,8,4,80,0,113,10,27
2024-08-21,Lunch,443,12,7,0,0,0,35,98,431,28,4,12,57,0,93,34,6
2024-08-21,Snacks,350,7,2,2,3,0,0,310,207,68,8,21,12,0,0,20,15
2024-08-22,Breakfast,578,37,15,5,10,0,997,1125,384,32,28,2,53,0,0,40,31
2024-08-22,Dinner,1400,90,28,0,0,0,160,4220,0,14,0,0,56,0,0,0,0
2024-08-22,Lunch,448,1,1,0,0,0,20,153,642,56,4,26,55,16,85,32,5
2024-08-22,Snacks,290,12,2,0,0,0,0,110,463,43,4,19,7,0,19,21,2
2024-08-23,Breakfast,705,41,16,4,8,0,843,1352,454,54,41,3,69,0,0,54,31
2024-08-23,Dinner,285,3,1,1,1,0,139,185,868,5,2,2,76,0,20,7,15
2024-08-23,Lunch,305,1,1,0,0,0,20,90,460,23,1,14,52,16,0,30,0
2024-08-23,Snacks,130,0,0,0,0,0,0,0,437,30,2,21,1,0,27,1,0
2024-08-24,Breakfast,754,43,14,9,16,0,1702,698,895,3,0,2,90,0,2,26,47
2024-08-25,Breakfast,472,30,12,5,10,0,997,584,532,7,1,2,40,0,10,33,29
2024-08-25,Dinner,701,32,13,1,13,2,285,317,1687,3,1,1,95,4,10,7,62
2024-08-25,Lunch,358,2,1,0,0,0,23,110,666,33,3,20,54,16,69,38,4
2024-08-25,Snacks,190,9,3,0,0,0,5,220,140,22,12,1,21,0,0,15,3
2024-08-26,Breakfast,678,34,12,5,10,0,999,955,708,39,10,8,59,0,0,39,36
2024-08-26,Dinner,402,10,4,1,1,0,142,738,810,31,29,2,91,0,15,15,19
2024-08-26,Lunch,489,4,2,0,0,0,13,114,327,56,3,12,58,0,55,33,5
2024-08-26,Snacks,405,18,6,0,0,0,10,312,441,55,21,21,26,0,38,23,15
2024-08-27,Breakfast,630,34,13,5,10,0,999,1012,604,32,3,5,51,0,0,37,28
2024-08-27,Dinner,458,17,5,0,0,0,267,783,0,23,0,15,55,0,0,0,0
2024-08-27,Lunch,211,2,1,1,1,0,111,125,490,0,0,0,60,0,4,2,8
2024-08-27,Snacks,590,24,10,0,0,0,5,390,140,87,14,35,28,0,0,19,25
2024-08-28,Breakfast,565,35,15,5,10,0,1005,892,533,20,14,4,51,0,0,53,29
2024-08-28,Dinner,835,31,14,0,0,0,135,1970,0,85,17,13,53,0,0,0,0
2024-08-28,Lunch,426,10,6,0,0,0,45,121,469,25,3,12,59,0,41,28,5
2024-08-29,Breakfast,753,41,16,5,10,0,1000,1575,632,60,31,6,65,0,0,48,33
2024-08-29,Dinner,458,17,5,0,0,0,267,783,0,23,0,15,55,0,0,0,0
2024-08-29,Snacks,185,4,2,0,0,0,0,80,0,38,3,16,4,0,25,4,22
2024-08-30,Breakfast,684,38,14,6,11,0,1134,1066,662,32,3,5,55,0,0,40,31
2024-08-30,Dinner,640,23,6,0,0,0,320,1200,0,38,5,22,72,0,0,0,0
2024-08-30,Lunch,315,3,2,0,0,0,10,95,150,16,1,7,55,0,0,25,2
2024-08-30,Snacks,190,8,3,0,0,0,10,290,130,22,13,1,21,0,0,17,4
2024-08-31,Breakfast,779,42,16,6,11,0,1171,996,724,28,1,9,73,0,0,43,35
2024-08-31,Lunch,676,36,14,0,0,0,285,214,0,0,0,0,85,0,0,7,36
2024-09-01,Breakfast,395,10,6,0,0,0,45,105,460,21,2,11,56,8,0,32,0
2024-09-01,Dinner,1380,58,20,7,23,0,1551,832,2947,2,0,1,198,0,0,35,94
2024-09-02,Breakfast,1083,36,14,7,12,0,1284,810,2651,69,8,4,133,1,126,39,56
2024-09-02,Dinner,150,2,0,1,1,0,0,255,394,35,7,6,4,0,12,4,6
2024-09-02,Lunch,482,2,1,0,0,0,17,144,966,61,9,36,56,8,68,34,5
2024-09-02,Snacks,120,1,0,0,0,0,0,0,0,25,0,0,2,0,0,0,0
2024-09-03,Breakfast,659,36,13,6,11,0,1129,1014,645,31,3,5,53,0,0,34,31
2024-09-03,Dinner,458,17,5,0,0,0,267,783,0,23,0,15,55,0,0,0,0
2024-09-03,Lunch,428,2,1,1,0,0,80,179,1518,65,8,43,46,0,62,7,8
2024-09-03,Snacks,307,9,3,0,0,0,10,290,130,47,13,1,23,0,0,17,4
2024-09-04,Breakfast,655,37,14,6,11,0,1141,826,805,30,2,20,48,6,24,47,29
2024-09-04,Dinner,932,41,15,0,0,0,131,1326,0,89,5,31,57,0,2,17,6
2024-09-04,Lunch,444,11,6,0,0,0,70,162,605,32,6,15,55,0,61,37,6
2024-09-04,Snacks,55,0,0,0,0,0,0,93,429,13,4,6,1,0,13,4,2
2024-09-05,Breakfast,453,27,11,4,7,0,769,781,724,16,4,7,35,6,14,46,22
2024-09-05,Dinner,771,34,8,1,7,1,142,240,759,14,1,4,99,2,0,2,31
2024-09-05,Lunch,340,2,1,1,1,0,122,137,901,25,2,18,66,0,27,3,8
2024-09-05,Snacks,463,11,3,0,0,0,70,650,450,65,14,15,41,0,25,17,8
2024-09-06,Breakfast,965,43,15,5,10,0,1075,1183,1155,37,16,7,133,6,4,74,37
2024-09-06,Dinner,458,17,5,0,0,0,267,783,0,23,0,15,55,0,0,0,0
2024-09-06,Snacks,226,1,0,0,0,0,0,0,381,50,2,19,3,0,23,1,0
2024-09-09,Breakfast,586,33,12,5,9,0,955,876,999,29,6,19,43,6,21,49,29
2024-09-09,Dinner,398,4,1,1,1,0,210,235,923,0,0,0,112,0,7,4,15
2024-09-09,Lunch,467,4,1,0,0,0,71,140,878,59,6,37,51,1,161,41,4
2024-09-09,Snacks,160,4,2,0,0,0,0,80,0,32,2,14,4,0,0,4,22
2024-09-10,Breakfast,563,34,12,6,11,0,1131,740,1005,17,4,11,47,491,42,43,43
2024-09-10,Dinner,453,4,1,0,0,0,81,199,787,38,5,23,69,1,182,60,5
2024-09-10,Lunch,536,17,7,1,7,1,142,224,1868,42,8,23,54,2,363,14,39
2024-09-10,Snacks,480,11,5,0,0,0,10,282,412,80,6,40,25,0,191,18,30
2024-09-11,Breakfast,569,30,10,6,11,0,1116,629,1586,32,9,19,43,506,61,31,46
2024-09-11,Dinner,662,41,10,4,2,0,160,497,604,25,16,4,53,0,30,19,38
2024-09-11,Lunch,401,4,1,0,0,0,72,148,590,43,6,26,52,1,155,44,5
2024-09-11,Snacks,400,14,6,0,0,0,20,400,300,34,2,4,40,0,0,22,8
2024-09-12,Breakfast,757,33,10,6,11,0,1118,977,1367,59,15,17,63,506,43,35,56
2024-09-12,Dinner,481,10,4,0,0,0,82,343,422,29,1,7,71,0,0,50,4
2024-09-12,Lunch,495,17,7,1,7,1,142,349,2056,32,11,12,55,2,357,19,42
2024-09-12,Snacks,160,4,2,0,0,0,0,80,0,32,2,14,4,0,0,4,22
2024-09-13,Breakfast,668,31,10,6,11,0,1116,870,1016,48,12,7,54,506,38,29,53
2024-09-13,Dinner,100,0,0,0,0,0,0,60,0,22,0,6,2,0,0,0,0
2024-09-13,Lunch,979,40,16,2,16,2,352,548,2977,28,9,11,123,5,265,19,82
2024-09-13,Snacks,427,8,3,0,0,0,10,200,828,70,6,37,22,0,67,12,4
2024-09-14,Breakfast,673,31,10,6,11,0,1181,987,1698,26,2,20,72,640,47,57,48
2024-09-14,Dinner,1093,38,9,9,14,0,354,890,2258,32,24,0,154,0,0,37,75
2024-09-14,Snacks,33,0,0,0,0,0,0,2,139,9,2,4,0,0,65,2,4
2024-09-15,Breakfast,1747,79,21,15,24,0,1434,1578,3802,59,31,15,201,815,109,98,126
2024-09-16,Breakfast,895,34,10,7,12,0,1163,1090,767,72,14,8,83,8,0,48,44
2024-09-16,Dinner,499,15,1,0,0,0,59,72,133,15,2,4,78,0,62,17,4
2024-09-16,Lunch,373,16,7,1,7,1,143,153,1045,5,3,3,50,2,13,6,46
2024-09-16,Snacks,416,11,5,0,0,0,10,375,588,62,7,23,25,0,14,20,28
2024-09-17,Breakfast,727,28,9,5,9,0,977,854,715,48,10,8,75,8,0,46,35
2024-09-17,Dinner,355,12,0,0,0,0,0,92,426,13,4,6,49,0,13,4,2
2024-09-17,Lunch,277,2,1,1,1,0,128,147,917,7,4,3,72,0,21,6,30
2024-09-17,Snacks,300,9,3,1,1,0,10,370,150,40,5,2,23,0,0,11,8
2024-09-18,Breakfast,769,28,9,5,9,0,980,918,928,52,10,11,82,16,0,62,35
2024-09-18,Lunch,271,2,1,1,1,0,124,143,901,7,4,3,70,0,21,6,30
2024-09-18,Snacks,360,11,5,0,0,0,10,280,150,49,3,16,24,0,0,15,26
2024-09-19,Breakfast,915,57,17,14,21,0,1964,1030,829,20,12,2,78,0,0,41,62
2024-09-19,Dinner,273,2,1,1,1,0,125,144,906,7,4,3,71,0,21,6,30
2024-09-19,Lunch,358,12,0,0,0,0,0,98,454,14,4,7,49,0,14,5,2
2024-09-19,Snacks,421,8,3,0,0,0,10,200,502,66,3,19,22,0,22,12,4
2024-09-20,Breakfast,763,35,9,9,12,0,1026,1048,464,44,13,1,69,0,0,37,37
2024-09-20,Dinner,200,7,3,0,0,0,10,200,150,17,1,2,20,0,0,11,4
2024-09-20,Lunch,291,3,1,1,1,0,113,214,1154,17,6,8,64,0,28,9,25
2024-09-20,Snacks,217,1,0,0,0,0,0,4,167,47,3,11,3,0,115,4,1
2024-09-22,Breakfast,430,25,8,5,10,0,987,575,394,4,0,1,43,15,0,35,26
2024-09-22,Dinner,301,3,1,1,1,0,145,165,900,5,3,2,80,0,17,6,26
2024-09-22,Lunch,435,5,0,0,0,0,21,213,660,41,4,27,64,0,67,37,6
2024-09-22,Snacks,132,1,0,0,0,0,0,0,0,28,0,0,2,0,0,0,0
2024-09-23,Breakfast,994,62,17,8,10,0,978,853,868,32,16,8,79,0,14,28,51
2024-09-23,Dinner,278,2,1,1,1,0,75,256,1240,31,5,20,43,0,35,10,8
2024-09-23,Lunch,388,9,3,0,0,0,70,564,637,42,3,23,39,0,90,15,9
2024-09-23,Snacks,358,3,0,0,0,0,54,110,343,41,2,8,42,0,62,31,4
2024-09-24,Breakfast,604,33,8,9,12,0,982,766,980,33,17,9,47,0,16,31,40
2024-09-24,Dinner,843,26,10,1,11,0,386,360,2246,0,0,0,142,0,0,16,58
2024-09-24,Lunch,340,2,1,0,0,0,51,106,682,41,4,25,40,0,77,31,3
2024-09-24,Snacks,130,1,0,0,0,0,0,0,0,27,0,0,2,0,0,0,0
2024-09-25,Breakfast,696,33,10,4,8,0,848,1069,381,51,4,3,50,0,0,21,24
2024-09-25,Dinner,1031,54,22,0,0,0,434,326,0,0,0,0,130,0,0,11,54
2024-09-25,Snacks,197,1,0,0,0,0,0,4,167,42,2,9,3,0,90,4,1
2024-09-26,Breakfast,468,25,8,5,10,0,982,375,668,23,2,16,34,0,19,15,26
2024-09-26,Dinner,953,47,18,0,0,0,414,610,406,12,3,7,118,0,8,15,44
2024-09-26,Lunch,324,2,1,0,0,0,66,143,210,28,6,13,47,2,60,37,4
2024-09-26,Snacks,117,1,0,0,0,0,0,0,0,24,0,0,2,0,0,0,0
2024-09-27,Breakfast,554,31,9,4,8,0,833,711,381,29,3,3,41,0,0,17,24
2024-09-27,Dinner,354,2,1,0,0,0,69,156,210,33,3,12,49,1,44,35,1
2024-09-27,Lunch,750,32,10,1,7,1,292,914,1168,38,3,18,78,2,8,9,31
2024-09-27,Snacks,466,19,9,2,4,0,12,372,396,64,12,3,20,1,0,6,11
2024-09-28,Breakfast,378,25,8,5,10,0,982,375,364,2,0,1,33,0,0,15,26
2024-09-28,Lunch,333,5,0,0,0,0,10,151,501,29,4,18,48,1,98,20,4
2024-09-28,Snacks,160,4,2,0,0,0,0,80,0,32,2,14,4,0,0,4,22
2024-09-29,Breakfast,1759,79,30,5,10,0,1424,1124,1509,61,7,34,196,15,124,80,87
2024-09-30,Breakfast,2008,81,29,5,10,0,1382,1740,1644,134,36,51,208,30,128,188,89
2024-10-01,Breakfast,673,43,16,5,12,0,1015,1273,807,33,28,1,59,453,33,142,38
2024-10-01,Dinner,297,5,2,0,0,0,90,292,401,29,1,24,35,0,5,19,2
2024-10-01,Lunch,603,18,9,2,5,0,162,535,1585,38,17,10,102,0,19,15,23
2024-10-01,Snacks,328,3,1,0,0,0,0,43,282,72,4,25,6,0,76,8,12
2024-10-02,Breakfast,674,43,16,5,12,0,1015,1275,818,33,28,1,59,465,34,142,38
2024-10-02,Dinner,467,10,2,0,0,0,54,182,576,52,3,33,46,0,8,32,6
2024-10-02,Lunch,615,24,9,1,10,1,225,340,1605,16,5,8,89,2,16,10,37
2024-10-02,Snacks,357,3,1,0,0,0,0,43,282,78,5,27,6,0,101,8,12
2024-10-03,Breakfast,669,43,16,5,12,0,1015,1258,695,32,27,1,58,328,23,140,35
2024-10-03,Dinner,159,0,0,0,0,0,10,57,401,22,1,20,19,0,5,19,2
2024-10-03,Lunch,748,26,10,2,10,2,295,419,1914,16,5,8,127,2,19,11,42
2024-10-03,Snacks,397,10,2,0,0,0,0,75,360,71,5,23,8,0,76,7,4
2024-10-04,Breakfast,891,51,16,5,12,0,1014,1292,690,71,29,17,61,325,23,136,35
2024-10-04,Dinner,522,13,3,0,0,0,158,562,412,43,3,21,61,0,82,32,5
2024-10-04,Lunch,451,4,1,1,1,0,201,331,1430,16,5,8,109,0,21,10,18
2024-10-04,Snacks,260,8,2,0,0,0,7,217,110,41,3,11,4,1,0,2,6
2024-10-05,Snacks,200,8,5,0,0,0,45,240,130,21,1,14,10,0,0,11,13
2024-10-06,Breakfast,383,5,1,0,0,0,70,305,1121,42,8,23,49,0,83,37,12
2024-10-06,Dinner,1192,31,11,2,4,1,341,1342,1489,98,27,28,185,0,11,107,37
2024-10-06,Snacks,45,0,0,0,0,0,0,2,141,11,2,9,1,0,38,3,1
2024-10-07,Breakfast,624,43,16,5,12,0,1010,1058,665,30,27,1,49,313,23,120,35
2024-10-07,Dinner,787,26,10,2,10,2,300,450,1977,17,4,9,135,2,20,19,41
2024-10-07,Lunch,200,2,0,0,0,0,0,373,282,45,4,19,4,0,76,6,7
2024-10-07,Snacks,267,5,1,0,0,0,0,170,0,53,0,13,3,0,0,0,6
2024-10-08,Breakfast,734,43,16,5,12,0,1010,1058,665,53,27,1,51,313,23,120,35
2024-10-08,Dinner,787,26,10,2,10,2,300,450,1977,17,4,9,135,2,20,19,41
2024-10-08,Lunch,165,2,0,0,0,0,0,555,0,33,2,2,5,0,0,0,9
2024-10-08,Snacks,290,9,5,0,0,0,45,243,412,44,4,32,11,0,76,17,14
2024-10-09,Breakfast,722,42,15,5,11,0,958,1038,646,55,27,1,49,313,23,119,34
2024-10-09,Dinner,1011,26,10,2,10,2,300,462,2817,53,9,31,139,2,213,27,50
2024-10-09,Snacks,325,9,5,0,0,0,45,243,530,52,5,39,12,0,88,18,15
2024-10-10,Breakfast,765,36,13,7,11,0,1146,1030,989,55,5,7,57,344,26,73,39
2024-10-10,Dinner,1054,40,17,2,12,2,328,1177,2319,63,35,13,153,2,235,161,45
2024-10-10,Snacks,304,9,5,0,0,0,45,240,483,47,4,36,12,0,36,12,15
2024-10-11,Breakfast,760,36,13,7,11,0,1146,1030,989,54,5,7,57,344,26,73,39
2024-10-11,Dinner,1082,41,17,2,12,2,328,1181,2627,70,34,16,154,2,20,166,49
2024-10-11,Snacks,436,15,5,0,0,0,61,400,642,63,5,46,15,1,48,13,16
2024-10-12,Breakfast,760,36,13,7,11,0,1146,1030,989,54,5,7,57,344,26,73,39
2024-10-12,Dinner,524,9,5,1,1,0,178,631,1923,35,6,18,95,0,20,27,19
2024-10-12,Lunch,232,5,3,0,0,0,16,153,555,22,7,6,27,0,0,46,13
2024-10-12,Snacks,428,11,5,0,0,0,65,553,390,43,3,15,42,0,0,76,24
2024-10-13,Dinner,1429,78,29,6,11,0,1470,1278,1024,47,32,4,158,344,38,154,99
2024-10-13,Snacks,520,12,6,0,0,0,68,885,1056,51,6,15,52,0,15,91,13
2024-10-14,Breakfast,785,36,13,7,11,0,1146,1030,989,59,5,7,57,344,26,73,39
2024-10-14,Dinner,937,47,20,1,2,0,286,1026,820,59,35,10,98,0,27,155,52
2024-10-14,Snacks,360,11,5,0,0,0,65,460,390,26,3,15,40,0,0,76,23
2024-10-15,Breakfast,747,36,13,7,11,0,1146,986,682,52,4,7,55,0,0,68,30
2024-10-15,Dinner,896,31,12,2,10,2,295,965,2249,59,36,10,139,2,36,134,62
2024-10-15,Lunch,497,9,4,0,0,0,49,251,1179,70,12,31,41,0,112,38,18
2024-10-15,Snacks,200,8,5,0,0,0,45,240,130,21,1,14,10,0,0,11,13
2024-10-16,Breakfast,429,29,9,6,11,0,1116,426,414,2,0,1,38,0,0,17,29
2024-10-16,Dinner,778,11,4,2,2,1,296,982,2175,59,36,10,173,0,41,134,44
2024-10-16,Lunch,600,18,3,0,0,0,0,399,1266,105,3,0,12,3,3,9,36
2024-10-16,Snacks,150,5,1,0,0,0,0,105,94,24,3,10,2,0,0,2,4
2024-10-17,Breakfast,540,31,10,7,11,0,1116,710,1013,27,6,4,44,581,44,64,44
2024-10-17,Dinner,934,31,12,2,10,2,300,982,2303,60,35,12,148,2,34,143,62
2024-10-17,Lunch,200,6,1,0,0,0,0,133,422,35,1,0,4,1,1,3,12
2024-10-17,Snacks,275,6,1,0,0,0,0,105,94,50,3,10,4,0,0,2,4
2024-10-18,Breakfast,788,37,13,7,11,0,1146,1080,1346,59,7,8,59,744,56,80,48
2024-10-18,Dinner,1030,32,12,2,10,2,300,1062,2802,78,45,18,153,2,34,151,73
2024-10-18,Snacks,310,8,2,0,0,0,20,325,354,29,5,11,32,0,0,67,14
2024-10-19,Breakfast,578,30,10,6,11,0,1116,520,1078,32,3,2,43,744,56,29,47
2024-10-19,Dinner,336,4,1,0,0,0,69,222,493,23,3,9,54,0,56,35,9
2024-10-19,Lunch,765,27,7,0,0,0,315,737,1701,70,23,8,78,419,70,73,41
2024-10-19,Snacks,205,8,2,0,0,0,6,175,94,32,3,14,2,2,0,2,6
2024-10-20,Breakfast,535,29,9,6,11,0,1121,634,844,18,3,8,49,15,98,40,32
2024-10-20,Snacks,642,32,10,0,0,0,45,1130,0,71,2,0,18,6,0,25,10
2024-10-21,Dinner,1550,66,25,9,21,2,1446,2011,3004,84,37,15,200,458,51,213,83
2024-10-21,Snacks,363,4,1,0,0,0,20,220,566,50,4,16,32,0,19,66,10
2024-10-22,Breakfast,160,3,1,0,0,0,20,220,260,5,2,1,30,0,0,65,10
2024-10-22,Dinner,1550,66,25,9,21,2,1446,2011,3004,84,37,15,200,458,51,213,83
2024-10-22,Snacks,259,6,0,0,3,0,0,65,105,48,2,10,4,0,0,2,6
2024-10-23,Breakfast,639,36,13,7,11,0,1146,986,682,29,4,7,54,0,0,68,30
2024-10-23,Dinner,998,41,17,2,14,2,322,1042,2638,54,33,8,127,461,46,145,80
2024-10-23,Snacks,201,1,0,0,0,0,0,0,346,45,2,17,2,0,21,1,0
2024-10-24,Breakfast,802,37,13,6,11,0,1166,996,862,33,2,6,81,0,0,95,39
2024-10-24,Dinner,431,8,3,1,1,0,148,756,924,45,30,4,90,0,12,125,13
2024-10-24,Lunch,412,9,4,0,0,0,69,270,600,34,4,9,55,0,56,46,11
2024-10-24,Snacks,150,5,0,0,3,0,0,65,105,25,2,10,2,0,0,2,6
2024-10-25,Breakfast,697,34,13,6,11,0,1146,776,602,39,0,5,52,0,0,30,29
2024-10-25,Dinner,431,8,3,1,1,0,148,756,924,45,30,4,90,0,12,125,13
2024-10-25,Lunch,404,9,4,0,0,0,69,254,573,33,4,9,54,0,56,45,10
2024-10-25,Snacks,310,7,0,0,3,0,60,425,425,44,2,24,20,0,0,2,10
2024-10-26,Dinner,365,8,3,1,3,0,102,198,1561,31,7,18,45,0,368,17,28
2024-10-26,Snacks,150,4,1,0,0,0,0,170,0,29,0,13,1,0,0,0,6
2024-10-27,Breakfast,429,29,9,6,11,0,1116,426,414,2,0,1,38,0,0,17,29
2024-10-27,Dinner,429,17,7,1,7,1,143,251,1678,20,5,10,50,4,52,8,36
2024-10-27,Lunch,603,13,6,1,1,0,185,1333,1300,51,29,7,115,313,29,153,19
2024-10-27,Snacks,130,7,4,0,0,0,15,0,20,17,1,11,1,0,0,1,2
2024-10-28,Breakfast,560,34,13,6,11,0,1146,814,870,10,1,5,51,300,23,35,36
2024-10-28,Dinner,885,24,10,2,7,1,297,990,2498,60,33,12,151,4,57,142,47
2024-10-28,Snacks,264,5,0,0,3,0,0,68,420,55,4,36,3,0,9,4,9
2024-10-29,Breakfast,577,34,13,6,11,0,1150,864,897,11,1,6,53,300,23,37,36
2024-10-29,Dinner,518,21,9,1,7,1,151,719,934,43,28,3,66,2,0,133,31
2024-10-29,Lunch,373,4,1,1,1,0,148,279,1624,22,6,11,82,2,59,9,17
2024-10-29,Snacks,421,11,1,0,3,0,0,258,568,72,5,34,11,0,8,4,16
2024-10-30,Breakfast,446,29,9,6,11,0,1116,487,693,5,1,1,39,313,23,22,37
2024-10-30,Dinner,465,21,9,1,7,1,143,690,802,38,28,0,57,2,0,122,31
2024-10-30,Lunch,407,4,1,1,1,0,148,295,2146,30,8,15,84,4,99,11,21
2024-10-30,Snacks,553,16,1,0,0,0,7,875,331,83,3,30,19,0,105,19,19
2024-10-31,Breakfast,606,39,15,6,11,0,1156,847,693,7,1,2,53,313,23,52,37
2024-10-31,Dinner,733,27,11,1,8,1,187,890,2624,70,36,17,85,7,94,141,49
2024-10-31,Lunch,326,4,1,0,0,0,69,222,392,26,2,12,50,0,37,33,8
2024-10-31,Snacks,70,4,2,0,0,0,0,5,0,8,0,7,1,0,0,2,2
2024-11-01,Dinner,1236,33,10,4,15,1,488,687,3825,23,10,10,238,321,111,20,71
2024-11-02,Breakfast,480,27,10,0,0,0,285,890,0,30,4,2,21,10,2,30,15
2024-11-03,Dinner,1756,666,43,8,21,0,1399,1326,1796,70,42,10,131,0,228,149,41
2024-11-04,Breakfast,785,36,13,6,11,0,1137,745,1287,43,10,14,77,0,58,76,54
2024-11-04,Dinner,526,21,9,1,7,1,143,793,1282,52,32,7,59,2,15,127,33
2024-11-04,Lunch,482,17,3,3,10,0,148,218,1551,17,10,3,85,0,224,10,19
2024-11-04,Snacks,250,8,3,0,0,0,2,210,0,43,0,23,3,0,0,5,6
2024-11-05,Breakfast,724,35,13,6,11,0,1132,684,1107,37,7,13,68,0,59,63,48
2024-11-05,Dinner,516,22,9,3,8,1,143,753,1282,44,29,7,58,2,15,15,36
2024-11-05,Lunch,436,17,3,3,10,0,148,173,1121,8,7,1,81,0,21,4,13
2024-11-05,Snacks,160,4,1,0,0,0,0,170,0,33,0,13,1,0,0,4,6
2024-11-06,Breakfast,724,35,13,6,11,0,1132,684,1107,37,7,13,68,0,59,63,48
2024-11-06,Dinner,526,22,9,3,8,1,143,953,1282,46,29,7,58,2,15,15,36
2024-11-06,Lunch,310,3,1,1,1,0,148,194,922,6,2,2,82,0,133,7,14
2024-11-06,Snacks,250,12,5,0,0,0,20,510,0,34,0,13,6,0,0,12,8
2024-11-07,Breakfast,296,7,3,0,0,0,16,258,698,35,7,12,31,0,61,46,19
2024-11-07,Dinner,526,22,9,3,8,1,143,953,1282,46,29,7,58,2,15,15,36
2024-11-07,Lunch,753,32,10,7,12,0,1264,634,1469,11,3,3,120,0,195,25,45
2024-11-07,Snacks,20,0,0,0,0,0,0,50,300,13,0,1,0,0,0,4,0
2024-11-08,Breakfast,377,7,3,0,0,0,16,289,700,51,7,12,33,0,61,46,19
2024-11-08,Dinner,545,22,9,3,8,1,143,984,1426,51,31,9,58,2,19,17,37
2024-11-08,Lunch,702,28,9,6,11,0,1130,583,1419,10,3,3,116,0,195,23,41
2024-11-08,Snacks,200,4,1,0,0,0,0,270,600,56,0,17,1,0,0,4,6
2024-11-09,Breakfast,355,7,3,0,0,0,15,296,652,46,7,8,32,0,0,44,18
2024-11-09,Snacks,248,6,0,1,0,0,0,84,992,55,10,29,6,3,392,7,9
2024-11-10,Breakfast,392,7,3,0,0,0,21,245,661,52,5,10,35,0,61,49,17
2024-11-10,Dinner,605,31,10,4,13,1,143,929,1442,48,32,6,59,2,21,15,37
2024-11-10,Lunch,658,28,9,6,11,0,1130,541,1015,2,0,1,112,0,5,17,36
2024-11-10,Snacks,446,8,3,0,0,0,0,268,1009,83,5,36,18,0,73,15,20
2024-11-11,Breakfast,390,7,3,0,0,0,21,244,655,52,5,10,35,0,58,49,17
2024-11-11,Dinner,656,34,10,5,15,1,143,960,1678,53,35,8,59,2,28,16,38
2024-11-11,Lunch,691,28,9,6,11,0,1130,572,1315,8,3,3,115,0,146,22,40
2024-11-11,Snacks,170,5,0,0,0,0,0,30,80,30,2,8,4,0,0,5,0
2024-11-12,Breakfast,456,10,4,1,1,0,21,247,828,60,9,10,39,0,64,53,27
2024-11-12,Dinner,765,20,8,2,7,1,291,433,2648,33,7,16,131,2,44,18,50
2024-11-12,Lunch,493,31,10,8,11,0,982,983,404,33,25,1,42,0,0,26,30
2024-11-12,Snacks,411,8,0,0,0,0,0,292,404,66,4,10,19,0,0,7,11
2024-11-13,Breakfast,353,4,1,1,1,0,21,246,600,41,6,6,39,0,0,40,21
2024-11-13,Dinner,703,19,7,2,7,1,291,470,2243,17,6,8,130,377,48,16,51
2024-11-13,Lunch,548,35,11,8,12,0,1116,1102,454,34,25,1,47,0,0,28,34
2024-11-13,Snacks,211,5,0,0,0,0,0,30,80,36,2,8,4,0,0,1,0
2024-11-14,Dinner,770,33,13,2,13,2,286,469,2467,17,6,7,98,523,54,18,74
2024-11-14,Lunch,633,36,12,8,12,0,1126,1477,642,39,25,5,59,0,0,38,34
2024-11-14,Snacks,396,4,1,0,0,0,20,231,587,57,4,25,33,0,32,66,11
2024-11-15,Dinner,832,33,13,2,13,2,286,446,2492,32,9,15,101,4,247,17,68
2024-11-15,Lunch,635,36,12,8,12,0,1126,1511,642,39,25,5,59,0,0,38,34
2024-11-15,Snacks,473,8,1,0,0,0,20,260,609,63,5,26,35,0,21,67,10
2024-11-16,Dinner,768,14,0,0,0,0,0,146,922,23,8,9,78,0,237,12,8
2024-11-16,Lunch,629,36,12,8,12,0,1126,1396,642,38,25,5,59,0,0,38,34
2024-11-16,Snacks,160,3,1,0,0,0,20,230,180,3,1,1,30,0,0,65,10
2024-11-17,Dinner,920,15,1,1,1,0,170,191,747,0,0,0,156,0,6,3,12
2024-11-17,Lunch,633,36,12,8,12,0,1126,1470,642,39,25,5,59,0,0,38,34
2024-11-17,Snacks,184,3,1,0,0,0,20,263,469,8,3,3,32,0,17,70,16
2024-11-18,Dinner,1008,17,1,1,1,0,171,241,1226,10,4,3,165,0,229,10,18
2024-11-18,Lunch,561,31,11,7,10,0,940,1393,573,39,25,5,52,0,0,35,29
2024-11-18,Snacks,160,3,1,0,0,0,20,230,180,3,1,1,30,0,0,65,10
2024-11-19,Dinner,935,47,16,3,22,2,313,383,2534,17,9,3,109,5,237,13,73
2024-11-19,Lunch,623,36,12,8,12,0,1125,1423,620,38,25,5,57,0,0,37,34
2024-11-19,Snacks,343,8,2,0,0,0,20,426,180,37,1,17,32,0,0,65,16
2024-11-20,Breakfast,275,1,0,0,0,0,25,117,587,37,7,23,33,0,56,33,8
2024-11-20,Dinner,851,43,15,2,19,2,313,378,2254,7,5,1,106,380,37,12,75
2024-11-20,Lunch,724,48,14,10,20,0,1122,1202,965,43,31,4,55,0,14,35,36
2024-11-20,Snacks,101,0,0,0,0,0,0,3,281,27,1,23,1,0,8,2,3
2024-11-21,Breakfast,380,3,0,0,0,0,35,292,842,38,8,21,54,0,57,55,19
2024-11-21,Dinner,413,4,1,1,1,0,212,277,1210,2,1,0,115,313,31,9,22
2024-11-21,Lunch,708,50,14,10,22,0,1116,1008,954,42,32,2,49,0,17,29,37
2024-11-21,Snacks,429,11,3,2,4,0,10,532,218,78,2,31,7,0,6,5,18
2024-11-22,Breakfast,387,2,0,0,0,0,35,311,841,41,6,23,53,0,63,55,19
2024-11-22,Dinner,316,3,1,1,1,0,161,220,985,2,1,0,87,313,29,8,19
2024-11-22,Lunch,543,35,11,8,12,0,1116,1000,454,33,25,1,47,0,0,28,34
2024-11-22,Snacks,566,10,1,2,2,0,20,410,950,80,11,6,47,0,0,70,36
2024-11-23,Breakfast,346,2,1,0,0,0,39,347,672,20,3,10,60,0,0,67,19
2024-11-23,Dinner,880,29,12,2,11,1,84,1027,991,116,14,6,39,63,5,26,37
2024-11-23,Lunch,595,35,11,8,12,0,1122,1056,836,38,26,4,55,313,23,41,42
2024-11-23,Snacks,249,5,1,0,0,0,0,170,0,50,0,13,2,0,0,0,6
2024-11-24,Breakfast,308,2,0,0,0,0,19,185,904,46,4,29,29,0,26,27,7
2024-11-24,Dinner,342,3,1,1,1,0,174,235,1044,2,1,0,94,313,29,8,20
2024-11-24,Lunch,757,49,16,11,18,0,1674,1207,661,34,25,2,66,0,0,36,48
2024-11-24,Snacks,1557,55,17,2,4,0,110,2670,180,116,14,14,75,10,6,89,45
2024-11-25,Breakfast,362,1,0,0,0,0,20,142,778,57,5,39,32,0,30,22,5
2024-11-25,Dinner,690,32,13,1,13,2,286,299,1524,0,0,0,95,4,0,5,59
2024-11-25,Lunch,665,41,13,11,13,0,1116,1560,773,65,51,1,57,313,23,44,46
2024-11-25,Snacks,162,1,0,0,0,0,0,0,0,34,0,0,2,0,0,0,0
2024-11-26,Breakfast,436,3,0,0,0,0,30,317,913,51,5,32,52,0,22,44,16
2024-11-26,Dinner,699,32,13,1,13,2,286,489,1524,2,0,0,95,4,0,5,59
2024-11-26,Lunch,542,35,11,8,12,0,1116,994,454,33,25,1,47,0,0,28,34
2024-11-26,Snacks,308,5,1,0,0,0,0,170,0,62,0,13,3,0,0,0,6
2024-11-27,Breakfast,452,3,0,0,0,0,30,317,979,55,5,35,52,0,26,44,16
2024-11-27,Dinner,809,38,15,4,14,2,286,996,1564,32,25,0,104,4,0,16,63
2024-11-27,Lunch,542,35,11,8,12,0,1116,994,454,33,25,1,47,0,0,28,34
2024-11-27,Snacks,298,5,1,0,0,0,0,170,0,60,0,13,3,0,0,0,6
2024-11-28,Dinner,470,4,1,1,1,0,212,531,1381,15,4,7,115,0,21,8,17
2024-11-28,Lunch,551,32,11,7,12,0,1255,681,718,10,2,4,52,25,172,40,35
2024-11-28,Snacks,481,20,5,4,9,0,67,224,93,69,2,23,7,0,0,2,7
2024-11-29,Breakfast,605,5,1,1,1,0,40,421,955,66,8,23,73,0,3,56,29
2024-11-29,Dinner,177,2,1,1,1,0,93,105,411,0,0,0,50,0,3,2,6
2024-11-29,Lunch,652,41,13,11,13,0,1116,1494,494,63,50,1,56,0,0,39,38
2024-11-29,Snacks,313,4,1,0,0,0,20,230,180,35,1,1,32,0,0,65,10
2024-11-30,Breakfast,278,2,0,0,0,0,27,274,573,26,4,13,40,0,3,47,14
2024-11-30,Dinner,534,3,1,1,1,0,148,294,1928,58,8,7,86,0,105,9,23
2024-11-30,Lunch,700,41,13,11,13,0,1121,1741,524,65,50,1,65,15,0,59,38
2024-11-30,Snacks,464,8,2,0,0,0,20,400,180,64,1,14,33,0,0,65,16
2024-12-01,Breakfast,267,2,0,0,0,0,25,262,557,25,4,13,38,0,3,43,13
2024-12-01,Dinner,1271,51,14,11,13,0,1121,1633,761,79,53,8,122,15,20,63,40
2024-12-01,Snacks,325,11,5,0,0,0,23,278,310,23,2,9,33,0,0,67,12
2024-12-02,Breakfast,267,2,0,0,0,0,25,262,557,25,4,13,38,0,3,43,13
2024-12-02,Dinner,593,3,1,1,1,0,148,191,2259,71,10,9,88,0,131,10,27
2024-12-02,Lunch,587,35,11,8,12,0,1121,1187,484,35,25,1,56,15,0,48,34
2024-12-02,Snacks,435,6,1,0,0,0,20,230,180,45,10,1,45,0,0,65,10
2024-12-03,Breakfast,290,3,0,0,0,0,26,311,616,27,5,14,41,0,3,45,15
2024-12-03,Dinner,703,3,1,1,1,0,148,178,1212,24,6,11,83,0,272,8,16
2024-12-03,Lunch,584,35,11,8,12,0,1121,1126,484,34,25,1,56,15,0,48,34
2024-12-03,Snacks,2250,80,39,0,0,0,185,1990,180,300,12,188,63,44,0,65,76
2024-12-04,Dinner,732,4,1,1,1,0,148,224,3005,105,19,19,92,31,544,19,38
2024-12-04,Lunch,811,45,15,10,16,0,1493,1488,1485,54,32,11,71,15,23,64,48
2024-12-04,Snacks,160,3,1,0,0,0,20,230,180,3,1,1,30,0,0,65,10
2024-12-05,Breakfast,320,3,1,0,0,0,30,313,625,30,5,16,46,0,4,55,16
2024-12-05,Dinner,566,16,3,2,9,0,148,206,1747,43,16,16,86,30,430,15,23
2024-12-05,Lunch,599,31,10,8,10,0,935,1290,1327,53,32,10,52,15,24,57,33
2024-12-05,Snacks,150,4,1,0,0,0,0,170,0,29,0,13,1,0,0,0,6
2024-12-06,Breakfast,282,1,1,0,0,0,35,216,501,22,4,13,47,0,3,65,13
2024-12-06,Dinner,507,19,2,2,10,0,165,222,1700,37,15,15,53,40,431,23,17
2024-12-06,Lunch,479,29,9,6,11,0,1121,727,444,5,0,1,47,15,0,37,29
2024-12-06,Snacks,150,4,1,0,0,0,0,170,0,29,0,13,1,0,0,0,6
2024-12-07,Breakfast,534,7,1,1,1,0,35,408,970,57,10,15,64,0,3,68,33
2024-12-07,Dinner,714,34,5,4,20,0,165,303,2571,53,25,16,60,40,480,34,25
2024-12-07,Lunch,607,35,12,8,12,0,1121,1129,684,40,27,4,57,15,153,49,36
2024-12-07,Snacks,259,5,1,0,0,0,0,266,502,55,3,38,4,0,58,3,13
2024-12-08,Dinner,659,23,2,2,9,0,0,73,955,15,10,1,56,0,16,14,17
2024-12-08,Lunch,811,24,2,2,11,0,411,1020,2337,26,14,6,121,53,107,45,26
2024-12-09,Breakfast,334,3,0,0,0,0,28,251,659,35,8,20,43,0,25,50,16
2024-12-09,Dinner,1238,50,16,4,25,2,304,396,4163,82,18,5,113,5,146,20,93
2024-12-09,Lunch,499,29,9,6,11,0,1121,666,744,8,2,2,49,15,0,45,38
2024-12-09,Snacks,389,15,6,0,0,0,0,280,0,56,1,12,6,0,0,0,10
2024-12-10,Breakfast,315,3,0,0,0,0,25,273,621,35,7,18,39,0,24,45,15
2024-12-10,Dinner,1038,35,14,2,14,2,311,484,3060,64,12,11,111,59,368,17,82
2024-12-10,Lunch,661,44,12,8,21,0,1121,883,1329,17,9,2,51,453,50,45,43
2024-12-10,Snacks,103,1,0,0,0,0,0,0,0,22,0,0,1,0,0,0,0
2024-12-11,Breakfast,319,3,0,0,0,0,27,289,646,32,7,15,42,0,31,49,16
2024-12-11,Dinner,1091,35,14,2,14,2,311,484,3456,77,14,13,113,51,500,17,86
2024-12-11,Lunch,622,42,10,7,21,0,935,814,1357,18,10,2,45,453,53,42,39
2024-12-11,Snacks,264,1,0,0,0,0,0,0,0,22,0,0,1,0,0,0,0
2024-12-12,Breakfast,255,2,1,0,0,0,24,290,497,21,4,9,38,0,2,46,15
2024-12-12,Dinner,670,3,1,1,1,0,148,389,2950,86,12,4,91,1,156,18,41
2024-12-12,Lunch,743,45,12,8,20,0,1121,1216,1360,30,11,3,60,453,48,57,48
2024-12-12,Snacks,454,5,0,1,1,0,0,179,307,87,5,21,15,0,0,3,15
2024-12-13,Breakfast,400,4,1,1,1,0,25,314,668,40,7,10,50,0,2,54,22
2024-12-13,Dinner,735,14,3,2,8,0,148,350,3020,80,16,4,91,1,145,18,40
2024-12-13,Lunch,777,48,12,8,22,0,1121,1234,1462,32,13,3,60,453,52,57,49
2024-12-13,Snacks,512,15,0,0,0,0,0,40,0,88,0,48,5,0,0,0,0
2024-12-14,Breakfast,286,2,1,0,0,0,25,313,560,20,4,10,46,0,2,52,14
2024-12-14,Dinner,930,25,0,0,0,0,0,178,1964,72,10,4,107,1,124,14,27
2024-12-14,Lunch,770,47,12,8,21,0,1121,1274,1484,32,13,3,60,515,55,58,50
2024-12-14,Snacks,792,33,1,0,0,0,0,170,0,120,0,69,6,0,0,0,6
2024-12-15,Breakfast,257,2,0,0,0,0,21,281,517,19,3,10,41,0,2,43,12
2024-12-15,Snacks,89,2,1,0,0,0,0,395,0,19,0,3,1,0,0,0,1
2024-12-16,Breakfast,344,4,1,0,0,0,69,263,400,24,3,9,54,0,2,35,6
2024-12-16,Dinner,588,3,1,1,1,0,148,319,2625,69,12,10,88,0,116,18,33
2024-12-16,Lunch,726,45,12,8,20,0,1118,1200,1462,30,12,3,55,582,58,49,52
2024-12-16,Snacks,225,1,0,0,0,0,0,40,0,50,0,20,3,0,0,0,0
2024-12-17,Breakfast,488,6,1,1,1,0,71,294,587,46,6,11,63,0,2,41,14
2024-12-17,Dinner,658,4,1,1,1,0,148,520,3124,83,16,13,94,0,495,22,36
2024-12-17,Lunch,716,45,12,7,20,0,1116,1009,1312,30,12,3,51,0,16,40,48
2024-12-17,Snacks,229,1,0,0,0,0,0,40,0,51,0,20,3,0,0,0,0
2024-12-18,Breakfast,455,8,1,1,1,0,59,306,496,51,8,7,47,0,2,19,21
2024-12-18,Dinner,678,4,1,1,1,0,148,523,3237,88,17,13,94,0,504,23,37
2024-12-18,Lunch,683,43,11,7,19,0,1116,1238,839,43,30,2,47,0,13,26,44
2024-12-18,Snacks,233,1,0,0,0,0,0,40,0,51,0,20,3,0,0,0,0
2024-12-19,Breakfast,475,8,1,1,1,0,59,327,506,57,12,7,47,0,2,19,21
2024-12-19,Dinner,638,4,1,1,1,0,148,453,3034,78,14,9,93,0,458,17,35
2024-12-19,Lunch,632,32,10,6,11,0,1116,1359,1042,53,30,10,47,0,18,31,44
2024-12-19,Snacks,231,1,0,0,0,0,0,90,300,58,0,21,3,0,0,0,0
2024-12-20,Dinner,600,23,0,0,0,0,0,0,0,0,0,0,92,0,0,0,0
2024-12-20,Lunch,771,46,14,9,17,0,1674,1446,663,37,25,2,65,0,0,33,56
2024-12-20,Snacks,209,1,0,0,0,0,0,20,0,45,0,10,3,0,0,0,0
2024-12-21,Dinner,1634,70,10,6,11,0,1116,447,1564,35,6,16,206,0,40,26,37
2024-12-21,Snacks,304,10,2,0,0,0,8,203,0,42,2,18,5,0,0,9,4
2024-12-22,Breakfast,333,5,1,0,0,0,10,194,487,30,4,17,48,1,81,19,4
2024-12-22,Dinner,663,16,4,2,3,0,306,780,1758,31,22,4,109,18,11,32,12
2024-12-22,Lunch,595,35,11,6,11,0,1135,1233,717,28,23,2,53,0,18,30,37
2024-12-23,Breakfast,499,5,1,0,0,0,20,215,873,51,4,33,64,0,23,23,6
2024-12-23,Dinner,727,30,7,3,17,0,174,177,2484,46,14,19,71,21,765,14,37
2024-12-23,Lunch,785,38,11,6,11,0,1121,1470,786,46,29,2,63,15,0,56,45
2024-12-23,Snacks,90,3,2,0,0,0,0,50,0,17,0,7,1,0,0,0,0
2024-12-24,Breakfast,358,1,0,0,0,0,20,159,962,57,6,38,32,1,199,24,8
2024-12-24,Dinner,998,29,3,0,0,0,123,628,1440,33,24,6,160,0,17,15,70
2024-12-24,Lunch,631,33,11,6,11,0,1121,1373,1117,40,27,8,55,15,17,51,32
2024-12-25,Breakfast,626,9,3,1,0,0,74,385,1434,71,9,48,74,2,290,52,13
2024-12-25,Dinner,548,36,15,0,0,0,189,170,303,5,2,1,50,0,24,10,29
2024-12-25,Lunch,612,37,12,6,14,0,1121,1018,611,28,23,1,53,15,5,43,30
2024-12-26,Breakfast,527,6,1,1,0,0,70,315,1262,66,8,48,59,2,290,46,13
2024-12-26,Dinner,548,36,15,0,0,0,189,170,303,5,2,1,50,0,24,10,29
2024-12-26,Lunch,894,49,13,7,19,0,1121,1503,897,49,32,2,62,15,14,50,40
2024-12-26,Snacks,230,5,4,0,0,0,0,0,0,44,0,24,1,0,0,0,0
2024-12-27,Snacks,150,5,1,0,0,0,0,95,90,24,3,10,2,0,0,2,3
